id,specialty,level,answer,question,original_options,generated_options,bertscore_f1,flagged
914,Anatomy,Y2,d,يتمفصل العظم القاربي مع العظام التالية ما عدا : (2009),"أ) الكبير.
ب) الهلالي.
ج) المربعي.
د) المثلثي.","أ) العظم الكاحلي (Talus)  
ب) العظم الإسفيني الإنسي (Medial cuneiform)  
ج) العظم المكعبي (Cuboid)  
د) العظم الإسفيني الوحشي (Lateral cuneiform)",0.8634,True
206,Anatomy,Y1,C,المحرك لعضلات اللسان:,"أ) 11
ب) 7
ج) 12
د) 9","أ) العصب تحت اللسان (العصب القحفي الثاني عشر)  
ب) العصب اللساني البلعومي (العصب القحفي التاسع)  
ج) العصب المبهم (العصب القحفي العاشر)  
د) العصب الوجهي (العصب القحفي السابع)",0.8192,False
2256,Genetics,Y1,A,في حالة التفارز المستقل يؤدي التزاوج ما بين ثنائي متخالف الألائل مع ثنائي متماثل الألائل المتنحي إذ تتوضع كلتا الجينتين علي صبغيين غير متماثلين إلي تشكيل ... من التراكيب الجينية الجديدة:,"أ) 0
ب) 0.5
ج) 0.2
د) 0.4","أ) تركيبين جينيين جديدين  
ب) أربعة تراكيب جينية جديدة  
ج) ستة تراكيب جينية جديدة  
د) ثمانية تراكيب جينية جديدة",0.8339,False
2009,Cell Biology,Y1,C,نقطة تحقق المغزل:,"أ) نقطة التحقق G1
ب) نقطة التحقق G2
ج) نقطة التحقق S
د) نقطة التحقق M","أ) نقطة تفتيش في الطور الاستوائي تضمن ارتباط جميع الكروموسومات بخيوط المغزل قبل بدء الانفصال  
ب) نقطة تفتيش في طور G1 تتحقق من سلامة الـDNA قبل دخول طور S  
ج) نقطة تفتيش في طور G2 تتحقق من اكتمال تضاعف الـDNA قبل دخول الانقسام  
د) نقطة تفتيش في الطور التمهيدي تتحقق من تكثف الكروموسومات قبل تفكك الغشاء النووي",0.8655,True
1831,Cell Biology,Y1,B,الشكل الذي يربط ADP و Pi بقوة أكبر:,"أ) O
ب) L
ج) T
د) R","أ) الميوسين (Myosin)  
ب) الأكتين (Actin)  
ج) التروبونين (Troponin)  
د) التروبوميوسين (Tropomyosin)",0.8471,False
1145,Anatomy,Y1,C,تفرز الخلايا العنبية في البنكرياس :,"أ) insulin
ب) glucagon
ج) lipase
د) somatostatine","أ) الإنزيمات الهاضمة مثل الأميلاز والليباز والتربسينوجين  
ب) الإنسولين  
ج) الغلوكاغون  
د) السوماتوستاتين",0.8682,True
841,Anatomy,Y1,B,الخلايا التي تتوضع في اللحمة بين النبيبات,"أ) المولدة للنطاف
ب) لايديغ
ج) سيرتولي
د) لا شيء مما سبق","أ) خلايا لايديغ (الخلايا البينية)  
ب) خلايا سيرتولي  
ج) الخلايا المنوية (Spermatogonia)  
د) الخلايا الميويدية المحيطة بالنبيبات (Peritubular myoid cells)",0.8679,True
4470,Physiology,Y2,E,في فرط التوتر الشرياني الأساسي، يحدث كل مما يلي عدا,"أ) زيادة إفراز الهرمون المضاد للإدرار (ADH)
ب) زيادة العمل البعدي (Afterload)
ج) زيادة فعالية جملة الرينين - الأنجيوتنسين - الألدوستيرون
د) اختلال شبكية العين","أ) زيادة المقاومة المحيطية الكلية  
ب) زيادة نشاط الجهاز العصبي الودي  
ج) زيادة إفراز الرينين/تنشيط منظومة الرينين-أنجيوتنسين-ألدوستيرون  
د) انخفاض المقاومة المحيطية الكلية",0.8999,True
714,Anatomy,Y1,C,. تشاهد على الوجه الحجابي للقلب العناصر التالية ماعدا,"أ) قسم من البطين الايمن
ب) قسم من البطين الايسر
ج) الشريان بين البطنين الامامي
د) الشريان بين البطينين الخلفي","أ) الثلم بين البطينين الخلفي  
ب) الجيب التاجي  
ج) الوريد الأجوف العلوي  
د) الوريد الأجوف السفلي",0.9105,True
4842,Surgery,Y3,B,الكبد,"أ) 1. يعاني مريض عمره 25 سنة من عدم ارتياح عام ونقصان في الوزن وترفع حروري وبراز ملطخ بالدم على نحو متقطع خلال الست أسابيع الأخيرة بعد عودته من شبه القارة الهندية حيث عمل هناك لمدة ستة أشهر. بالفحص السريري: كبدية مع مضض في الربع العلوي الأيمن وأظهر الإيكو جوفا ناقص الصدى الفص الكبدي الأيمن ذو حواف واضحة. ما هو التشخيص المحتمل؟
ب) 1. خراجة كبدية قيحية.
ج) 2. خراجة كبدية زحارية.
د) 3. كيسة مائية كبدية.","أ) عضو يقع في الربع العلوي الأيمن من البطن ويقوم باستقلاب السموم وإنتاج الصفراء  
ب) غدة تقع خلف المعدة وتفرز الإنسولين والإنزيمات الهاضمة (البنكرياس)  
ج) عضو مسؤول عن ترشيح الدم وإنتاج البول (الكلى)  
د) عضو مسؤول عن ضخ الدم إلى أنحاء الجسم (القلب)",0.8269,False
3459,Ophthalmology,Y5,D,يبدي تنكس الشبكية الصباغي المظاهر التالية عدا:,"أ) توضعات سباغية نجمية الشكل
ب) نقص معمم في أقطار الشرايين
ج) شحوب حليمة العصب البصري
د) عدم اتضاح حدود الحليمة","أ) تضيق الأوعية الشبكية  
ب) ترسبات صباغية بشكل شوك عظمي في المحيط  
ج) شحوب/ضمور حليمة العصب البصري (مظهر شمعي)  
د) وذمة حليمة العصب البصري (Papilledema)",0.9069,True
262,Anatomy,Y1,B,تفرز خلايا بيتا في البنكرياس :,"أ) الغلوكاغون
ب) الأنسولين
ج) السوماتوستاتين
د) لا شيء مما سبق","أ) الإنسولين  
ب) الغلوكاغون  
ج) السوماتوستاتين  
د) الببتيد البنكرياسي (Pancreatic polypeptide)",0.9251,True
246,Anatomy,Y1,A,من فروع الابهر النازل البطني أمامية ما عدا:,"أ) الشريان الحجابي
ب) الشريان المساريقي العلوي
ج) الشريان المساريقي
د) الجدع البطني","أ) الجذع الزلاقي  
ب) الشريان المساريقي العلوي  
ج) الشريان المساريقي السفلي  
د) الشرايين الكلوية",0.949,True
769,Anatomy,Y1,B,تركيب T3 :,"أ) شحمي
ب) أميني
ج) سكري
د) لا شيء مما سبق","أ) ثلاث ذرات يود مرتبطة بحلقتين عطريتين مشتقتين من التيروزين (3,5,3′-ثلاثي يودوثيرونين)  
ب) أربع ذرات يود مرتبطة بحلقتين عطريتين مشتقتين من التيروزين (ثيروكسين T4)  
ج) ثنائي يودوثيرونين (T2) مكوّن من ذرتي يود فقط  
د) ببتيد مكوّن من عدة أحماض أمينية يُفرَز من الغدة الدرقية",0.8349,False
1793,Genetics,Y1,C,يتكون التتالي المحفوظ في المنطقة –10 من المحفز من التتاليات:,"أ) TTATAT
ب) TTATTT
ج) TATAAT
د) كل ما سبق خطأ","أ) TATAAT  
ب) TTGACA  
ج) TATAAT و TTGACA  
د) Pribnow box و Shine-Dalgarno sequence",0.8764,True
1908,Cell Biology,Y1,A,الريبوزومات,"أ) بروتينات
ب) سكريات
ج) شحميات
د) أحماض نورية","أ) عضيات خلوية مسؤولة عن تصنيع البروتينات عبر ترجمة mRNA  
ب) عضيات محاطة بغشاء مزدوج وتقوم بإنتاج ATP عبر الفسفرة التأكسدية  
ج) تراكيب مسؤولة عن تخزين المادة الوراثية DNA وتنظيم التعبير الجيني داخل النواة  
د) عضيات تقوم بتعديل وتغليف البروتينات والدهون وإرسالها عبر الحويصلات (جهاز جولجي)",0.8638,True
4142,Physiology,Y2,D,من وظائف بروتينات البلاسما :,"أ) نقل المواد وظيفة اللألبومين
ب) الغلوبيولينات ككل تزود الجسم بالمناعة
ج) مسؤولة دون غيرها في الحفاظ على PH الدم
د) كل ما سبق خاطئ","أ) المحافظة على الضغط الأسموزي الغرواني للدم ونقل بعض المواد  
ب) إنتاج الطاقة مباشرة داخل الخلايا عبر تحلل الغلوكوز  
ج) تكوين الهيموغلوبين داخل كريات الدم الحمراء  
د) نقل السيالات العصبية بين العصبونات في الجهاز العصبي",0.8635,True
4936,Surgery,Y3,D,34. العلاج الأمثل لمريض عمره 40 سنة وجد لديه بالتنظير الهضمي العلوي لمفوما معدية هو:,"أ) 1. استئصال معدة تحت تام.
ب) 2. علاج شعاعي.
ج) 3. استئصال معدة تحت التام مع علاج شعاعي.
د) 4. علاج كيماوي.","أ) استئصال معدة جزئي/كلي مع تفريغ عقد لمفية  
ب) علاج إشعاعي موضعي للمعدة فقط  
ج) استئصال جرثومة المعدة (H. pylori) بمضادات حيوية مع مثبط مضخة البروتون كخط أول  
د) علاج كيماوي جهازي متعدد الأدوية (مثل R-CHOP) كعلاج أولي لجميع الحالات",0.8825,True
219,Anatomy,Y1,B,يمر عبرهما الهواء إلى جوف الأنف :,"أ) CHOANA
ب) المنخرين
ج) المنعرين
د) كل ما سبق خطأ","أ) المنخران  
ب) القرينتان الأنفيتان  
ج) الجيبان الفكيان  
د) قناة استاكيوس",0.8927,True
4602,Statistics,Y1,D,الفرضية الإحصائية:,"أ) مقولة أو تخمين تتعلق بوسطاء المجتمع
ب) مقولة أو تخمين تتعلق بشكل توزيع المجتمع
ج) مقولة أو تخمين تمثل الصح أو الخطأ
د) كل ما سبق صحيح","أ) عبارة أو ادعاء قابل للاختبار حول معلمة في المجتمع الإحصائي (مثل المتوسط أو النسبة)  
ب) نوع من الرسوم البيانية يُستخدم لعرض توزيع البيانات (مثل المدرج التكراري)  
ج) طريقة لجمع البيانات من خلال الاستبيانات أو المقابلات فقط  
د) مقياس للنزعة المركزية يساوي القيمة الأكثر تكرارًا في العينة",0.8498,False
1630,Biochemistry,Y2,B,ما هو الواسم الورمي الذي تطلب معايرته دوريا لمراقبة مريض خضع لعملية استئصال البروستات الجذري:,"أ) .CA 19-9
ب) PSA .
ج) PSMA .
د) CA 15-3 .","أ) PSA (مستضد البروستات النوعي)  
ب) CEA (المستضد السرطاني الجنيني)  
ج) AFP (ألفا فيتو بروتين)  
د) CA 19-9 (مستضد السرطان 19-9)",0.852,True
4467,Physiology,Y2,D,مريض لديه ابيضاض دم مزمن مع خضاب 8، السبب الأكثر احتمالًا لفقر الدم هو,"أ) نقص الحديد
ب) نقص فيتامين B12
ج) نقص حمض الفوليك
د) انحلال الدم بسبب الراصات الباردة","أ) فقر دم انحلالي مناعي ذاتي  
ب) فقر دم بسبب ارتشاح نقي العظم/فشل نقي العظم (Myelophthisis)  
ج) فقر دم نقص الحديد بسبب نزف مزمن  
د) فقر دم الأمراض المزمنة/الالتهاب المزمن (Anemia of chronic disease)",0.8704,True
3439,Ophthalmology,Y5,B,يتميز جفاف العين الناجم عن نقص إفراز الطبقة المخاطبة بما يلي عدا: f. يشاهد انقطاع سريع للفلم الدمعي,"أ) يحدث نتيجة تخريب الخلايا الكأسية
ب) تعتبر متلازمة جوغرن من أهم أسبابه
ج) يشاهد في الفقاع الكاذب
د) يبقى اختبار شيرمر طبيعياً","أ) يشاهد انقطاع سريع للفلم الدمعي  
ب) يكون اختبار شيرمر طبيعيًا غالبًا  
ج) تترافق الحالة مع نقص الخلايا الكأسية/تندب الملتحمة  
د) يزداد حجم الدمع (المنيسك الدمعي) بشكل واضح",0.8911,True
1807,Genetics,Y1,B,قد يكمن السبب الفيزيائي لظهور العصابات في النمط النووي إلي كل ما يلي ماعدا:,"أ) الاختلاف بتركيب النكليوتيدات
ب) وجود بني ثانوية مثل العري في مناطق من الصبغيات دون غيرها
ج) ارتباط بروتينات معينة مع مناطق محددة من الصبغيات دون غيرها
د) نوع معالجة الصبغيات قبل التلوين","أ) اختلاف درجة تكثّف الكروماتين بين المناطق الغنية بـ AT والمناطق الغنية بـ GC  
ب) اختلاف توقيت تضاعف الـ DNA بين مناطق الكروموسوم (مبكر/متأخر)  
ج) اختلاف قابلية مناطق الكروموسوم للصبغ وارتباط الأصباغ بها (مثل جيمزا)  
د) اختلاف عدد الكروموسومات في الخلية (الزيادة أو النقصان العددي)",0.8574,True
3682,Ophthalmology,Y5,B,في الحول الشللي عند البالغين يشكو المريض من:,"أ) حول متناوب
ب) رؤية مزدوجة (شفع)
ج) تدهور حدة الرؤية
د) كل ما سبق خطأ","أ) ازدواج الرؤية (Diplopia) يزداد عند النظر باتجاه العضلة المصابة  
ب) نقص حدة البصر بسبب كسل العين (Amblyopia) كعرض رئيسي  
ج) حكة واحمرار بالعين مع إفرازات مخاطية  
د) ألم شديد بالعين مع رهاب ضوء حاد كعرض أساسي",0.874,True
4832,Statistics,Y1,B,إذا علمت أن احتمال شفاء مريض مصاب بالزكام خلال أسبوع دون اللجوء للطبيب هو 0.6 فإذا كان لدينا10 مرضاً بالزكام ولم يرجع الطبيب فالمسألة مسألة توزيع:,"أ) برنولي
ب) حداني
ج) بواسوني
د) أسي","أ) توزيع ثنائي الحدين (Binomial)  
ب) توزيع بواسون (Poisson)  
ج) التوزيع الطبيعي (Normal)  
د) التوزيع الهندسي (Geometric)",0.8642,True
2281,Genetics,Y1,C,أم مصابة أنجبت ذكرًا مصابًا بالورم التليفي العصبي، تسأل عن اختطار المرض في الحمل التالي، علما أن زوجها سليم. الجواب هو:,"أ) 0
ب) 0.25
ج) 0.5
د) 1","أ) 50% في كل حمل بغضّ النظر عن جنس الجنين  
ب) 25% في كل حمل  
ج) 0% لأن الزوج سليم  
د) 100% لأن الأم مصابة",0.8381,False
54,Histology,Y2,C,تتشكل ضفيرة راشكوف في لب السن من :,"أ) ألياف ودية.
ب) ألياف نظيرة ودية
ج) ألياف حسية.
د) كل من a و .b","أ) ألياف عصبية حسية غير مُغمَّدة بالميالين (Aδ و C) تحت طبقة الأرومات السنية  
ب) شبكة من الشعيرات الدموية والأوردة الدقيقة في المنطقة تحت الأرومات السنية  
ج) ألياف كولاجينية كثيفة ضمن طبقة الخلايا الغنية (Cell-rich zone)  
د) خلايا مناعية (بالعات وخلايا بلازمية) متجمعة قرب العاج واللب",0.8563,True
1309,Biochemistry,Y1,A,يمكن ان تفاعل جزيئات الاتن مع بعضها تحت ظروف معنية لتشكل البولي اتن (متعدد اتن) ما التعبير الصحيح لوصف جزيئات الاتن في هذا التفاعل:,"أ) مونوميرات (موحودات)
ب) كربوكاتيون
ج) نكليوفيلات
د) جذور حرة","أ) مونومرات (وحدات بنائية) تخضع لبلمرة إضافة لتكوين سلاسل بولي إيثين  
ب) محفزات تزيد سرعة التفاعل دون أن تُستهلك  
ج) مذيبات تذيب المواد المتفاعلة ولا تدخل في تركيب البوليمر  
د) نواتج نهائية مستقرة لا يمكنها التفاعل لتكوين سلاسل أطول",0.882,True
3465,Ophthalmology,Y5,D,قد تخفي جرحا صلبيا,"أ) جروح الجسم البلوري
ب) جروح الصلبة
ج) جروح القرنية
د) جروح الملتحمة","أ) قشرة دموية سميكة  
ب) وذمة موضعية شديدة  
ج) ورم دموي تحت الجلد  
د) نسيج ندبي متليف",0.8871,True
2790,Physics,Y1,B,في المصورة البسيطة يجب أن تكون العدسة في حالة الأجسام البعيدة على :,"أ) بعد بؤري واحد من العدسة
ب) بعد بؤري واحد من الفلم
ج) A,B
د) كل ماسبق خاطئ","أ) وضع اللانهاية (∞)  
ب) وضع الماكرو (Macro)  
ج) وضع التركيز القريب (Near focus)  
د) وضع الزوم الأقصى (Maximum zoom)",0.8491,False
2279,Genetics,Y1,D,تعالج مريضات سرطان الثدي اللواتي تعبر خلايهن عن الـ HER–2 بـ :,"أ) التاموكسيفين
ب) البوسينودلول
ج) الهرسبتين
د) imantinib","أ) تراستوزوماب (Herceptin)  
ب) تاموكسيفين  
ج) ميثوتريكسات  
د) إيماتينيب",0.9,True
1275,Anesthesia,Y3,B,مريض سيخضع جراحي اسعافي ويعاني من قصور كلوي يفضل استعمال المرخي العضلي التالي:,"أ) A. بانكورانيوم
ب) B. أتراكوريوم
ج) C. بيبيكورونيوم
د) D. ميفاكوريوم","أ) سكسينيل كولين  
ب) روكورونيوم  
ج) أتراكوريوم  
د) بانكورونيوم",0.9317,True
1765,Cell Biology,Y1,D,يتحول G3P لاحقا إلى:,"أ) غلوكوز فوسفات
ب) أحماض دسمة
ج) أحماض أمينية
د) أحماض نووية","أ) جلوكوز (Glucose)  
ب) بيروفات (Pyruvate)  
ج) فركتوز-1،6-ثنائي الفوسفات (Fructose-1,6-bisphosphate)  
د) أسيتيل مرافق الإنزيم أ (Acetyl-CoA)",0.8553,True
2760,Physics,Y1,B,لحنى قضيب من الحديد يجب,"أ) تغير الذرات في مواقع معينة
ب) تغير ترتيب الذرات
ج) تكثيف الذرات في مواقع معينة
د) كل ما سبق صحيح","أ) تسخينه ثم ثنيه تدريجيًا باستخدام كماشة أو قالب مناسب  
ب) تبريده بالماء أولًا ثم محاولة ثنيه مباشرة بالقوة  
ج) دهنه بالزيت فقط ثم ثنيه دون تسخين  
د) طرقه بمطرقة وهو بارد دون تثبيت أو دعم",0.8679,True
839,Anatomy,Y1,C,المنطقة الفاصلة بين الطيتين الصوتيين:,"أ) الدهليز
ب) البطين
ج) مشق المزمار
د) الجوف تحت المزماري","أ) المزمار  
ب) لسان المزمار  
ج) الدهليز الحنجري  
د) الحبال الصوتية الكاذبة",0.9176,True
761,Anatomy,Y1,B,- يمكن إجراء الحقن العضلي في القسم العلوي من :,"أ) ذات الرأسين العضدية
ب) الدالية
ج) الغرابية العضدية
د) المدورة الصغيرة","أ) العضلة الألوية الكبرى (الربع العلوي الخارجي من الإلية)  
ب) العضلة الدالية في الذراع (الثلث العلوي من العضد)  
ج) العضلة ذات الرأسين العضدية (الجزء العلوي من الذراع)  
د) عضلة الساق التوأمية (الجزء العلوي من بطة الساق)",0.8789,True
3115,Gastroenterology,Y1,B,الشوارد التي يكون تركيزها أقل في اللعاب منه في البلازما:,"أ) صوديوم وبيكربونات.
ب) صوديوم وكلور.
ج) بيكربونات وكلور.
د) بوتاسيوم وكلور.","أ) الصوديوم والكلوريد  
ب) البوتاسيوم والبيكربونات  
ج) الكالسيوم والمغنيسيوم  
د) الفوسفات واليوريا",0.8906,True
794,Anatomy,Y1,يكون مزقه الأثر fastigium,تتميز المظاهر التشريحية قي الوصل الجسري البصلي ما عدا:,"أ) يتجد الشريانان الفقريان ليشكلا الشريان القاعدي
ب) تعبر السيل الهرمية من الساق الجسري الى الساق البصلي
ج) يستمر الغشل الانسي جنيب الناصف
د) يتوضع الردهان الوحشيان للبطين الرابع","أ) وجود النوى القحفية للأعصاب VI وVII وVIII  
ب) وجود التصالب الهرمي (Pyramidal decussation)  
ج) وجود السويقة المخيخية الوسطى (Middle cerebellar peduncle)  
د) وجود التكوين الشبكي (Reticular formation)",0.8421,False
2943,Physics,Y1,D,العلاقة التي تربط بين البعد البؤري وبعد الجسم وبعد الخيال في حالة العدسة الرقيقة هي :,"أ) 1/p1 - 1/q2= 1/f
ب) 1/p1 +n/q1= 1-n/R1
ج) n/p2+1/q2= n-1/R2
د) 1/p +1/q=1/f","أ) \( \frac{1}{f}=\frac{1}{u}+\frac{1}{v} \)  
ب) \( f=u+v \)  
ج) \( \frac{1}{f}=\frac{1}{u}-\frac{1}{v} \)  
د) \( f=\frac{uv}{u+v} \)",0.8341,False
2820,Physics,Y1,D,أيا من العبارات الاتية خاطئة:,"أ) تتفق الحركة الانسحابية الدورانية التي يستخدم فيها عدة كواشف مع المبدأ الثاني.
ب) تنتمي أجهزة الحركة الدورانية البحتة إلى المبدأ الثالث.
ج) المبدأ الرابع يتعلق بدوران الصمام الموك للأشعة فقط حول المنطقة المدروسة
د) تتوزع الكواشف وفق قوس دائرية تقع زاويتها بين و في ماسح المبدأ الرابع.","أ) العبارة الأولى  
ب) العبارة الثانية  
ج) العبارة الثالثة  
د) العبارة الرابعة",0.8447,False
4950,Surgery,Y3,C,4. أثناء إجراء ايكو بطن لسيدة حامل تبلغ من العمر 30 سنة تبين وجود كتلة متكلسة في الشرسوف يبلغ قطرها 1 سم وقد سمع لغط في منطقة الشرسوف ولم يكن لديها أي أع أعراض. ما هو التشخيص المحتمل؟,"أ) 1. تمزق طحال.
ب) 2. احتشاء طحال.
ج) 3. أم دم شريان طحالي.
د) 4. فرفريه نقص الصفيحات البدنية.","أ) تمدد كاذب/حقيقي في الشريان الطحالي متكلس (Splenic artery aneurysm)  
ب) حصاة مرارية متكلسة (Cholelithiasis)  
ج) ورم ليفي رحمي متكلس (Calcified uterine fibroid)  
د) تكلس عقدة لمفية/حبيبة قديمة في الشرسوف (Calcified lymph node/granuloma)",0.847,False
2169,Genetics,Y1,C,يعتمد تفاعل السلسلة على استخدام منهيات التفاعل المؤلفة من:,"أ) ريبوز منقوص الأوكسجين يحتوي على زمرة هيدروكسيل في الموقع 3’
ب) ريبوز يحتوي زمرة هيدروكسيل في الموقعين 2’ و 3’
ج) ريبوز منقوص الأوكسجين لا يحتوي على زمرة هيدروكسيل في الموقع 3’
د) ريبوز لا يحتوي زمرة هيدروكسيل في الموقعين 3’ و 2’","أ) نيوكليوتيدات قصيرة أحادية السلسلة (Primers)  
ب) إنزيم بوليميراز DNA مقاوم للحرارة (مثل Taq polymerase)  
ج) نيوكليوتيدات ثلاثية الفوسفات (dNTPs)  
د) محلول منظم يحوي MgCl₂ وأملاح مناسبة للتفاعل",0.8308,False
357,Anatomy,Y1,B,115من عضلات الزنار الكتفي المرتبطة بالعضد,"أ) الصدرية الكبيرة
ب) تحت الترقوة
ج) فوق الشوكية
د) الدالية","أ) العضلة الدالية  
ب) العضلة فوق الشوكة  
ج) العضلة تحت الشوكة  
د) العضلة المدورة الكبرى",0.9115,True
3766,Pharmacology,Y3,D,يمكن للحديد أن يدخل في تركيب:,"أ) السيتوكروم أكسيداز.
ب) مونو امینواکسیداز.
ج) الكاتالاز.
د) كل ما سبق صحيح.","أ) الهيموغلوبين والميوغلوبين  
ب) الكولاجين في النسيج الضام  
ج) هرمونات الغدة الدرقية (T3 وT4)  
د) فيتامين B12 (الكوبالامين)",0.8477,False
4395,Physiology,Y1,B,في حال تناول كميات كبيرة من الماء يزداد:,"أ) الضغط الحلولي للبول
ب) ADH
ج) الضغط الحلولي للمصورة
د) حجم البول","أ) حجم البول (إدرار البول)  
ب) تركيز البول (يزداد تركيزه)  
ج) إفراز الهرمون المضاد لإدرار البول ADH  
د) أسمولالية البلازما (تركيز الأملاح في الدم)",0.9018,True
1024,Anatomy,Y1,B,- كل مما يلي ليست من النقاط التشريحية للوجه الداخلي للفك السفلي ما عدا:,"أ) الخط المائل
ب) الحدبة النابية
ج) الخط الضرسي اللامي
د) الناشزة الذقنية","أ) الخط المائل الخارجي  
ب) الخط اللامي (Mylohyoid line)  
ج) الثقبة الذقنية  
د) الحفرة تحت الذقنية (Submental fossa)",0.8975,True
3103,Gastroenterology,Y1,B,من العوامل التي تسبب زيادة امتصاص الحديد في المعي الدقيق:,"أ) ارتفاع قيمة PH الوسط المعوي.
ب) انخفاض قيمة PH الوسط المعوي.
ج) نقص الإرتروبيوتين.
د) وجود حمض الفيتي.","أ) نقص مخازن الحديد في الجسم (مثل فقر الدم بعوز الحديد)  
ب) زيادة حموضة المعدة وتناول فيتامين C  
ج) التهاب الأمعاء المزمن وسوء الامتصاص  
د) تناول مثبطات مضخة البروتون وتقليل حموضة المعدة",0.8633,True
647,Anatomy,Y1,C,أصغر الفروع الأمامية للابهر البطني:,"أ) الجذع البطني
ب) المساريقي العلوي
ج) المساريقي السفلي
د) الشريان الكظري","أ) الشريان المساريقي العلوي  
ب) الشريان المساريقي السفلي  
ج) الجذع الزلاقي (الشريان البطني)  
د) الشرايين الكظرية الوسطى",0.9479,True
4525,Statistics,Y1,D,أحد الأمثلة عن المصادر الخارجية :,"أ) سجلات المرضى في المشفى
ب) مسم التسويق في شركة الادوية
ج) مكتب الاستقبال في قسم الإسعاف
د) توجيه الأسئلة أو بالمشاهدة","أ) الكتب والمراجع العلمية  
ب) قواعد البيانات والمواقع الإلكترونية  
ج) الخبرات الشخصية والملاحظات الذاتية  
د) المجلات والدوريات العلمية",0.8773,True
2404,Physics,Y1,B,وفقا للعلاقة E=EA فإن طاقة ارتباط النواة الكلية تتناسب مع:,"أ) كتلة تكويناتها.
ب) عدد تكويناتها.
ج) حجم تكويناتها.
د) . A,C","أ) عدد الكتلة \(A\)  
ب) عدد البروتونات \(Z\)  
ج) عدد النيوترونات \(N\)  
د) مربع عدد الكتلة \(A^2\)",0.8709,True
2965,Chemistry,Y1,D,ان الزمرة الوظيفية للالكنات,"أ) COOH-
ب) CH3-
ج) C-C
د) C=C","أ) رابطة ثلاثية كربون–كربون (C≡C)  
ب) رابطة مزدوجة كربون–كربون (C=C)  
ج) رابطة أحادية كربون–كربون (C–C)  
د) مجموعة الهيدروكسيل (–OH)",0.8573,True
4734,Statistics,Y1,D,من الخطوات الرئيسية عند تصميم العينات:,"أ) تحديد هدف الدراسة
ب) تحديد المجتمع محل الدراسة
ج) تحديد الإطار
د) كل ما ذكر صحيح","أ) تحديد مجتمع الدراسة وإطار العينة  
ب) اختيار طريقة المعاينة المناسبة (عشوائية/طبقية/عنقودية)  
ج) تحديد حجم العينة بناءً على الدقة المطلوبة والقوة الإحصائية  
د) وضع خطة لجمع البيانات وتقليل التحيز ومعالجة عدم الاستجابة",0.8791,True
1577,Biochemistry,Y2,C,تحدث الوفاة لدى مرضى التلاسيميا بسبب:,"أ) انحلال الدم
ب) تراكم الخضاب الجنيني
ج) تراكم الحديد
د) النوب الألمية الشديدة جدا والمتكررة","أ) فشل قلبي نتيجة ترسّب الحديد (داء ترسّب الأصبغة الدموية)  
ب) أزمة لا تنسّجية حادة بسبب عدوى بارفو فيروس B19  
ج) نزف شديد بسبب نقص الصفائح الدموية  
د) فشل كلوي حاد نتيجة انحلال دم شديد",0.8847,True
571,Anatomy,Y1,A,يتوضع الثلم المهمازي على الوجه:,"أ) الانسي
ب) الوحشي
ج) السفلي
د) لا شيء مما سبق","أ) الأنسي للفص الجبهي  
ب) الوحشي للفص الصدغي  
ج) السفلي للفص القذالي  
د) الخلفي للفص الجداري",0.9152,True
377,Anatomy,Y1,B,عضلات لها منشأ عظمي وترتكز على باطن جلد الوجه:,"أ) العضلات الماضغة
ب) عضلات الوجه التعبيرية
ج) عضلات العنق
د) لا شئ مما سبق","أ) العضلات الجلدية للوجه (عضلات التعبير الوجهي)  
ب) العضلات الماضغة (عضلات المضغ)  
ج) العضلات المحركة للعين (خارج المقلة)  
د) عضلات اللسان (الداخلية والخارجية)",0.907,True
1869,Genetics,Y1,C,تقوم القلنسوة بحماية سلسلة الرنا من التدرك بإنزيمات :,"أ) النكلياز
ب) الإندونكلياز
ج) الليغاز
د) البريماز","أ) الإكسونوكليازات (Exonucleases)  
ب) الإندونوكليازات (Endonucleases)  
ج) إنزيمات الربط (Ligases)  
د) إنزيمات النسخ (RNA polymerase)",0.8809,True
2373,Physics,Y1,C,تتناسب قرينة الانكسار وسط مادي معين ..........مع .........الأمواج في ذلك الوسط,"أ) طرديا - مربع السرعة
ب) عكسيا - مربع السرعة
ج) عكسيا - سرعة
د) طرديا - سرعة","أ) طرديًا مع سرعة الأمواج في ذلك الوسط  
ب) عكسيًا مع سرعة الأمواج في ذلك الوسط  
ج) طرديًا مع تردد الأمواج في ذلك الوسط  
د) عكسيًا مع طول الموجة في ذلك الوسط",0.8975,True
655,Anatomy,Y1,B,الألياف التي تربط التلافيف والفصوص في نصف كرة مخية واحد:,"أ) إسقاطية
ب) ترابطية
ج) صوارية
د) التقائية","أ) الألياف الترابطية (Association fibers)  
ب) الألياف الرابطة بين نصفي الكرة (Commissural fibers)  
ج) الألياف الإسقاطية (Projection fibers)  
د) الألياف القوسية (Arcuate fibers)",0.8728,True
1910,Genetics,Y1,B,الشعر الأشقر عند بعض سكان جزر Solomon { الخطأ}:,"أ) يعود إلي تغير شفع واحد من الأسس في إحدي الجينات
ب) يمتلك ذو الشعر الأشقر SNP علي الصبغي التاسع ضمن تدعي TYRP1
ج) يتحكم الميلانين بالجين TYRP1
د) تؤدي الطفرة في هذه الجين إلي أحد أنواع المهق","أ) ينتج غالبًا عن طفرة في جين TYRP1 وليس بسبب اختلاط أوروبي حديث  
ب) يُعد مثالًا على تطور متوازٍ (Convergent evolution) لصفة لون الشعر الفاتح  
ج) يرتبط عادةً بوجود عيون زرقاء وبشرة شديدة البياض كما في الأوروبيين  
د) يمكن أن يظهر مع بشرة داكنة وهو شائع نسبيًا في بعض الجزر هناك",0.8551,True
829,Histology,Y2,A,اختار الجواب الصحيح اذا كان هناك جوابا صحيحا واحدا فقط أو اختر الجواب الأكثر شمولا وتكاملا اذا كان هناك أكثر من جواب صحيح,"أ) تتكون الأربطة والأوتار من نسيج ضام كثيف
ب) تنتظم القرنية والأوتار والأربطة بصورة حزم
ج) غمد الوتر والقرنية والرباط من نسيج ضام مفكك
د) النسيج الضام الباطن في الأوتار والأربطة كثيف","أ) الرجاء تزويدي بنص السؤال الطبي كاملًا  
ب) لا يمكن تحديد الخيارات دون معرفة موضوع السؤال (التشخيص/العلاج/الأعراض/الفحوصات)  
ج) أرسل تفاصيل الحالة إن وُجدت (العمر، الجنس، الأعراض، مدة الأعراض، الأمراض المزمنة، الأدوية)  
د) أرفق صورة السؤال إن كان من كتاب/امتحان لأتمكن من توليد 4 خيارات دقيقة",0.8457,False
3116,Gastroenterology,Y1,A,كل مما يلي من الإنزيمات المعوية ما عدا:,"أ) الببسين.
ب) السكراز.
ج) اللاكتاز.
د) الإنتيروكيناز.","أ) الإنتيروكيناز (Enterokinase)  
ب) اللاكتاز (Lactase)  
ج) الأميلاز البنكرياسي (Pancreatic amylase)  
د) السكراز (Sucrase)",0.8961,True
2280,Genetics,Y1,B,تبين أنّ الدواء المناسب لدى %60 من مريضات سرطان الثدي في حال كانت الخلايا السرطانية من نمط ER- :,"أ) الهرستبين
ب) التاموكسيفين
ج) بوسيندولول
د) الدينجوكسين","أ) العلاج الهرموني (تاموكسيفين/مثبطات الأروماتاز)  
ب) العلاج الكيميائي  
ج) العلاج الموجّه بمضادات HER2 (تراستوزوماب)  
د) العلاج الإشعاعي فقط",0.8858,True
3717,Pathology,Y2,C,أثناء نمو العظام عند الأطفال يرتفع:,"أ) LDH
ب) AST
ج) CK
د) كل ما سبق خاطئ","أ) الفوسفاتاز القلوية (ALP)  
ب) البيليروبين الكلي  
ج) الكرياتينين في الدم  
د) الأميلاز في الدم",0.8665,True
2991,Physics,Y1,D,يؤدي تطبيق حزمة مركزة بتواتر 95GH لمدة ثانيتين إلى تسخين الجلد الى الدرجة,"أ) 129°F
ب) 55°F
ج) 54°F
د) A,C","أ) 37°م  
ب) 41°م  
ج) 45°م  
د) 50°م",0.9127,True
1334,Biochemistry,Y1,C,يتكون التكليوتيد من:,"أ) حموض امينية
ب) tRNA, Mrna
ج) اساس ازوتي وسكر ومجموعة فوسفات
د) سيستينين وتريبتوفان","أ) سكر خماسي + قاعدة نيتروجينية + مجموعة فوسفات  
ب) سكر خماسي + قاعدة نيتروجينية فقط  
ج) قاعدة نيتروجينية + مجموعة فوسفات فقط  
د) سكر سداسي + قاعدة نيتروجينية + مجموعة فوسفات",0.8393,False
3035,Physics,Y1,D,تكون طافة الروابط..........(1-SeV),"أ) الأيونية
ب) الهيدروجينية
ج) التشاركية
د) A, C","أ) أكبر ما يمكن عند طول الرابطة التوازني وتتناقص بزيادة أو نقصان المسافة بين الذرتين  
ب) تزداد طاقة الرابطة كلما زاد طول الرابطة بشكل مستمر  
ج) تكون طاقة الرابطة صفراً عند طول الرابطة التوازني وتزداد عند الاقتراب أو الابتعاد  
د) لا تعتمد طاقة الرابطة على المسافة بين الذرتين",0.8417,False
2913,Physics,Y1,A,معادلة برنولي المطبقة على جريان المائع هي من أشكال قانون انحفاظ :,"أ) الطاقة .
ب) الكتلة .
ج) السرعة.
د) الكل خطأ .","أ) الكتلة  
ب) الطاقة  
ج) الزخم الخطي  
د) الشحنة الكهربائية",0.9096,True
1718,Genetics,Y1,B,تواتر المصابين متماثلي الزيجوت للداء الليفي الكيسي في شمال أوروبا :,"أ) واحد لكل 2500
ب) واحد لكل 250
ج) واحد لكل 25
د) واحد لكل 17000","أ) 1 لكل 2500 مولود حي  
ب) 1 لكل 250 مولود حي  
ج) 1 لكل 25,000 مولود حي  
د) 1 لكل 250,000 مولود حي",0.9108,True
2190,Genetics,Y1,C,المستلفت:,"أ) أول فرد أُصيب بالمرض.
ب) كل فرد مصاب في شجرة النسب.
ج) الفرد الذي جلب الانتباه للمرض.
د) الفرد الحامل للمرض.","أ) هو الجزء الذي يلتفّ حول الشيء لتثبيته أو ربطه  
ب) هو ما يُستعمل لرفع العضو أو جذبه (مثل رباط/حمالة)  
ج) هو أداة تُستخدم لفتح أو توسيع فتحة/جرح أثناء الفحص أو الجراحة  
د) هو مصطلح يُطلق على مادة تُستخدم لإيقاف النزف أو إغلاق الجرح",0.8658,True
586,Anatomy,Y1,A,تتحد الصفيحتان السفليتان للشفرين الصغيرين لتشكل :,"أ) لجيم البظر
ب) قلفة البظر
ج) العريكشة
د) جبل العانة","أ) اللجام (لجام البظر)  
ب) الغشاء البكاري  
ج) اللجام الخلفي/الملتقى الخلفي للشفرين الصغيرين (Fourchette)  
د) العجان",0.8809,True
1403,Biochemistry,Y1,B,سم الاستر المتشكل عندما يتفاعل الميتانول مع حمض البوتانوئيك بوجود بضع قطرات من حمض الكبريت المركز:,"أ) ميتانوات البوتيل
ب) بوتانوات الميتيل
ج) 2-بوتانوات الميتيل البروبيل
د) 2- ميتانوات الميتيل البروبيل","أ) ميثيل بوتانوات  
ب) إيثيل بوتانوات  
ج) ميثيل إيثانوات  
د) بروبيل بوتانوات",0.9172,True
4378,Physiology,Y1,B,يتم تثبيط افراز ال FSH :,"أ) التستسترون
ب) البروجسترون
ج) GNRH
د) كل من A, B","أ) بواسطة الإنهيبين (Inhibin) من خلايا سيرتولي/الخلايا الحبيبية  
ب) بواسطة GnRH النبضي من تحت المهاد  
ج) بواسطة الأوكسيتوسين من الفص الخلفي للغدة النخامية  
د) بواسطة البرولاكتين بزيادة مباشرة لإفراز FSH",0.8642,True
2008,Genetics,Y1,C,يقوم أنظيم Helicas ب:,"أ) اصطناع مشارع من الرنا
ب) حل العقدة أو الالتواء المتشكل عن فك الارتباط بين طاقي الدنا
ج) جلب النكليوتيدات ورصفها بشكل متمم للطاق الأصلي
د) فك طاقي الدنا الملتفين","أ) فك التفاف اللولب المزدوج للـDNA وكسر الروابط الهيدروجينية بين الشريطين أثناء التضاعف  
ب) ربط قطع أوكازاكي وإغلاق الفجوات في شريط الـDNA (DNA ligase)  
ج) إضافة نيوكليوتيدات جديدة لتكوين شريط DNA مكمل باتجاه 5'→3' (DNA polymerase)  
د) تخفيف الالتفاف الفائق وإزالة الإجهاد الالتوائي أمام شوكة التضاعف (Topoisomerase/Gyrase)",0.8718,True
1340,Biochemistry,Y2,D,فى اليرقان الانحلالى (قبل الكبدى):,"أ) يرتفع الخضاب
ب) تنخفض الشكيات
ج) يرتفع انزيم GT
د) كل ما سبق خطأ","أ) زيادة البيليروبين غير المباشر فى الدم مع عدم وجود بيليروبين فى البول  
ب) زيادة البيليروبين المباشر فى الدم مع وجود بيليروبين فى البول  
ج) نقص اليوروبيلينوجين فى البول مع براز فاتح اللون  
د) ارتفاع إنزيمات الكبد (ALT/AST) بشكل شديد مع حكة واضحة",0.8614,True
3789,Pharmacology,Y3,C,كل من المركبات التالية يملك تأثير مثبط للأنزيمات الكبدية ماعدا :,"أ) السيميتدين الأريثرومايسين
ب) ريفامبيسين
ج) D. هيدر الارين
د) كيتو كونازول","أ) سيميتيدين  
ب) إريثرومايسين  
ج) كيتوكونازول  
د) ريفامبيسين",0.9257,True
3111,Gastroenterology,Y1,B,غنى الكيموس بالمواد الدسمة يسبب كل ما يلي عدا:,"أ) تثبيط حركية المعدة.
ب) خفض مقوية البواب.
ج) تحريض إفراز الكوليسيستوكينين.
د) زيادة زمن إفراغ المعدة.","أ) زيادة إفراز الكوليسيستوكينين (CCK)  
ب) إبطاء إفراغ المعدة  
ج) زيادة تقلص المرارة وإفراز الصفراء  
د) زيادة إفراز الغاسترين بشكل واضح",0.9047,True
2214,Cell Biology,Y1,C,تعتمد استجابة الخلايا للبروتين الإشاري على,"أ) محتوى الخلايا من الشحوم
ب) محتوى الخلايا من السيتوبلاسما
ج) محتوى الخلايا من بروتينات منظمة أخرى
د) كل ما سبق","أ) نوع المستقبل الموجود على سطح الخلية أو داخلها  
ب) تركيز البروتين الإشاري في الوسط المحيط  
ج) نوع الخلية وحالتها الوظيفية ومسارات الإشارة داخلها  
د) جميع ما سبق",0.8832,True
4566,Statistics,Y1,B,يتم الحصول على بيانات تتعلق بضغط الدم وسرعة نبضات القلب ونسبة الكوليسترول في الدم لعينة من المرضى خلال فترة أسبوع عن طريق:,"أ) البريد
ب) التسجيل
ج) استخدام الإنترنت
د) الهواتف المحمولة","أ) الملاحظة والقياس المباشر باستخدام أجهزة طبية (قياس ضغط الدم، النبض، وتحليل الكوليسترول)  
ب) المقابلة الشخصية مع المرضى وسؤالهم عن قيم ضغط الدم والنبض والكوليسترول  
ج) الاستبيانات الذاتية التي يملؤها المرضى يوميًا خلال الأسبوع  
د) مراجعة السجلات الطبية السابقة للمرضى دون إجراء قياسات خلال الأسبوع",0.8547,True
1801,Cell Biology,Y1,D,(Trisomy 21),"أ) متلازمة داون
ب) متلازمة ترنر
ج) متلازمة كلاينفلتر
د) متلازمة باتو","أ) متلازمة داون (Down syndrome)  
ب) متلازمة إدوارد (Trisomy 18)  
ج) متلازمة باتاو (Trisomy 13)  
د) متلازمة تيرنر (45,X)",0.9188,True
2659,Physics,Y1,A,يعتمد MPI على مبدأ :,"أ) أن العضلة القلبية المريضة تتلقى تدفقا دمويا أقل من العضلة السليمة في حالة الإجهاد
ب) أن العضلة القلبية المريضة تتلقى تدفقا دمويا أكثر من العضلة السليمة في حالة الإجهاد
ج) تقسيم تدفق الدم في الدماغ
د) A,C","أ) تمرير الرسائل بين العمليات (Message Passing)  
ب) الذاكرة المشتركة بين الخيوط (Shared Memory)  
ج) التنفيذ التسلسلي على معالج واحد (Single-threaded Serial Execution)  
د) المعالجة المعتمدة على المقاطعات فقط (Interrupt-driven Processing)",0.8516,True
460,Anatomy,Y1,B,يصبح الشريان الإبطي عضدياً بعد تجاوزه وتر,"أ) ذات الرأس
ب) المدورة الكبيرة
ج) المدورة الصغيرة
د) ثلاثية الرؤوس","أ) العضلة المدورة الكبيرة (Teres major)  
ب) العضلة الصدرية الصغيرة (Pectoralis minor)  
ج) العضلة تحت الكتف (Subscapularis)  
د) العضلة ذات الرأسين العضدية (Biceps brachii)",0.8708,True
1879,Cell Biology,Y1,A,السوائل المكروية هي من :,"أ) التكرارات على نطاق الجينوم .
ب) التكرارات الترادفية .
ج) التسلسلات المباعدة .
د) كل ماسبق خطأ .","أ) السوائل غير النيوتونية  
ب) السوائل النيوتونية  
ج) السوائل المثالية عديمة اللزوجة  
د) الغازات المثالية",0.8986,True
264,Histology,Y2,C,مايلي صحيح عن الخصية testes عدا :,"أ) تحاط ب الغاللة البيضاء (نسيج ضام كثيف)
ب) الحجب الضامة التي تقسم الخصية إلى فصوص تكون غير كاملة.
ج) فصيصات الخصية تكون مفصولة عن بعضها تماما.
د) كل فصيص فيها يحوي 4-1 أنابيب منوية.","أ) تقع الخصيتان داخل كيس الصفن خارج التجويف البطني للمحافظة على درجة حرارة أقل من حرارة الجسم  
ب) تُنتج الخصية الحيوانات المنوية داخل الأنابيب المنوية (Seminiferous tubules)  
ج) تُفرز الخصية هرمون التستوستيرون بواسطة خلايا لايديغ (Leydig cells)  
د) تُصرَّف لمف الخصية إلى العقد اللمفية الأربية السطحية (Superficial inguinal lymph nodes)",0.8424,False
2587,Physics,Y1,A,وفقا للعلاقة يمثل و فإن يمثل ........ و يمثل ...........,"أ) الكمون الحراري - المقاومة الحرارية.
ب) المقاومة الحرارية - التدفق الحراري.
ج) الكمون الحراري - الناقلية الحرارية.
د) كل ماسبق صحيح.","أ) و يمثل الاتحاد (OR) ، فإن يمثل التقاطع (AND) ، و يمثل المتمم (NOT)  
ب) و يمثل التقاطع (AND) ، فإن يمثل الاتحاد (OR) ، و يمثل الفرق (A\B)  
ج) و يمثل الفرق (A\B) ، فإن يمثل الاتحاد (OR) ، و يمثل التقاطع (AND)  
د) و يمثل المتمم (NOT) ، فإن يمثل الفرق (A\B) ، و يمثل الاتحاد (OR)",0.8514,True
3289,Microbiology,Y3,C,يمتاز الشكل المسوط في الليشمانيا بكل ما يلي عدا:,"أ) بشكل مغزلي
ب) بطول 10 ميكرون
ج) بسوط ذي غشاء متموج
د) بنواة مركزية","أ) وجود سوط حر أمامي  
ب) وجود كينيتوبلاست أمام النواة  
ج) وجود غشاء متموج (Undulating membrane)  
د) وجود نواة مركزية في الجسم الطفيلي",0.8821,True
2196,Genetics,Y1,C,يتميز الرنا الناقل بكل ما يلي,"أ) يحمل رامز الترجمة
ب) يرتبط الحمض الأميني بالنهاية '5
ج) نوكليوتيدات غير اعتيادية مثل االينوزين
د) نوكليوتيدات اعتيادية مثل البسودوتيمين","أ) يحمل حمضًا أمينيًا محددًا إلى الريبوسوم أثناء الترجمة  
ب) يحتوي على مضادّ الرامزة (Anticodon) الذي يتكامل مع رامزة mRNA  
ج) يمتلك بنية ورقية/نفلية (Cloverleaf) مع نهاية 3′ تحمل تسلسل CCA لارتباط الحمض الأميني  
د) يُعدّ أطول أنواع الرنا وأكثرها وفرة في الخلية ويكوّن الجزء الأكبر من الريبوسوم",0.839,False
544,Anatomy,Y2,c,(2018) SUBCLAVIS,"أ) هي قوس شريانية حول الكتف.
ب) هو رباط تحت الترقوة.
ج) هي عضلة.
د) من عظام زنار الكتف.","أ) عضلة تحت الترقوة (Subclavius muscle)  
ب) الشريان تحت الترقوة (Subclavian artery)  
ج) الوريد تحت الترقوة (Subclavian vein)  
د) العصب تحت الترقوة (Nerve to subclavius)",0.8641,True
1730,Cell Biology,Y1,A,المصدر الأساسي لتنوع الكائنات الحية:,"أ) Growth .
ب) Regulation .
ج) Adaptaion .
د) Evolution .","أ) الطفرات الوراثية وإعادة التركيب الجيني  
ب) التكاثر اللاجنسي فقط  
ج) ثبات المادة الوراثية دون تغير  
د) انتقال الصفات المكتسبة خلال حياة الفرد فقط",0.8602,True
4651,Statistics,Y1,A,الفئة التي تشكل قاعدة الهرم السكاني هي:,"أ) الأطفال
ب) الشباب
ج) اليفع
د) ما فوق 60","أ) فئة صغار السن (0–14 سنة)  
ب) فئة متوسطي العمر (15–64 سنة)  
ج) فئة كبار السن (65 سنة فأكثر)  
د) فئة المواليد الجدد فقط (أقل من سنة)",0.871,True
2580,Physics,Y1,C,عمل البلورات الكهر ضعطية.,"أ) تحول الاشارة الصوتية إلى اشارة
ب) تحول الإشارة الكهربائية إلى إشارة
ج) A+B
د) تحول الاشارة الكهربائية إلى إشارة","أ) تحويل الضغط/الإجهاد الميكانيكي إلى فرق جهد كهربائي والعكس  
ب) تحويل الطاقة الحرارية إلى طاقة كهربائية (التأثير الكهروحراري)  
ج) تحويل الطاقة الضوئية إلى تيار كهربائي (التأثير الكهروضوئي)  
د) تحويل الطاقة الكيميائية إلى طاقة كهربائية (التفاعلات الكهروكيميائية)",0.8673,True
1743,Cell Biology,Y1,C,بنى صغيرة توجد ضمن الخلية تؤدي وظائف نوعية,"أ) Atom
ب) Molecule
ج) Organelles
د) Cell","أ) العُضيّات  
ب) النواة  
ج) الغشاء البلازمي  
د) السيتوبلازم",0.8687,True
4092,Physiology,Y1,C,المنسب القلبي :,"أ) نتاج القلب X مساحة الجسم
ب) حجم النفضة X معدل القلب
ج) نتاج القلب / مساحة الجسم
د) حجم النفضة / معدل القلب","أ) هو حجم الدم الذي يضخه القلب في الدقيقة (Cardiac Output)  
ب) هو عدد ضربات القلب في الدقيقة (Heart Rate)  
ج) هو حجم الدم المقذوف من البطين في كل ضربة (Stroke Volume)  
د) هو ضغط الدم الشرياني المتوسط (Mean Arterial Pressure)",0.8553,True
3244,Gastroenterology & Hepatology,Y2,D,العضلة المنحرفة البطنية الظاهرة (كل ما يلي صحيح عدا):,"أ) صفيحة عضلية صفاقية.
ب) تسير أليافها بشكل مائل للأمام والأسفل والأنسي.
ج) ترتكز على الخط الأبيض من الرهابة إلى العانة.
د) تتعصب من القطني الثاني.","أ) تنشأ من الأسطح الخارجية للأضلاع 5–12  
ب) ترتكز على الخط الأبيض والحدبة العانية عبر صفاق العضلة المائلة الخارجية  
ج) تُعصَّب بواسطة الأعصاب الصدرية السفلية (T7–T11) والعصب تحت الضلع (T12)  
د) أليافها تتجه للأعلى والإنسي (superomedial) نحو الخط الأبيض",0.8758,True
3761,Pharmacology,Y3,B,كل من العبارات التالية صحيحة حول اللاكتولوز ماعدا:,"أ) يعتبر من الملينات
ب) عبارة غليكوزيد ثنائي تركيبي
ج) لا يمتص
د) يستخدم في تدبير الامساك","أ) يُستخدم لعلاج الإمساك المزمن ويعمل كملين أسموزي  
ب) قد يُسبب غازات وانتفاخًا وتقلصات بالبطن كآثار جانبية شائعة  
ج) يُستخدم في علاج الاعتلال الدماغي الكبدي عبر تقليل امتصاص الأمونيا  
د) يُمنع استخدامه تمامًا في مرضى السكري لأنه يرفع سكر الدم بشكل كبير",0.8753,True
1172,Histology,Y2,B,الغدد الموجودة في الجلد والأوعية الدموية تساهم في كل ما يلي ما عدا :,"أ) التنظيم الحراري
ب) تنظيم ضغط الدم.
ج) body metabolism
د) Excretion","أ) تنظيم درجة حرارة الجسم عبر التعرّق وتضيّق/توسّع الأوعية الدموية  
ب) طرح بعض الفضلات والأملاح عن طريق العرق  
ج) الإحساس باللمس والألم والحرارة عبر النهايات العصبية  
د) إنتاج خلايا الدم الحمراء في نخاع العظم",0.8563,True
2172,Genetics,Y1,A,كل ما يلي صحيح عن الطفرة السائدة السلبية ما عدا:,"أ) استبدال نكليوتيد بآخر.
ب) تصيب أحد الاليلين.
ج) المنتج البروتيني يرتبط مع المنتج الطبيعي وينقص فعاليته.
د) قد يدخل المنتج البروتيني الطافر في ارتباطات مع بروتينات أخرى وينقص فعاليتها.","أ) تحدث عندما يُنتج الأليل الطافر بروتينًا غير طبيعي يتداخل مع وظيفة البروتين الطبيعي  
ب) غالبًا ما تظهر في البروتينات متعددة الوحدات (Multimeric) حيث تُفسد الوحدة الطافرة عمل المركّب كله  
ج) يمكن أن تُحدث نمطًا ظاهريًا حتى بوجود أليل طبيعي واحد (في حالة متغاير الزيجوت)  
د) تنتج عادةً عن فقدان وظيفة بسيط (Haploinsufficiency) دون أي تداخل مع البروتين الطبيعي",0.8598,True
2023,Genetics,Y1,D,العامل النهائي الذي يحدد النمط الشكلي :,"أ) النمط الجيني
ب) النمط الظاهري
ج) A و B
د) التأثيرات البيئية","أ) النمط الجيني (Genotype)  
ب) البيئة (Environment)  
ج) التفاعل بين النمط الجيني والبيئة  
د) الطفرات الوراثية فقط",0.909,True
4603,Statistics,Y1,A,يتم حساب القطاع الزاوي لفئة ما:,"أ) التكرار النسبي لفئة ماX 360 درجة
ب) التكرار النسبي لفئة ما 360 / درجة
ج) التكرار المئوي لفئة ما X 180 درجة
د) التكرار النسبي لفئة ما / 180 درجة","أ) (تكرار الفئة ÷ مجموع التكرارات) × 360°  
ب) (مجموع التكرارات ÷ تكرار الفئة) × 360°  
ج) (تكرار الفئة ÷ 360°) × مجموع التكرارات  
د) (360° ÷ مجموع التكرارات) × تكرار الفئة",0.8694,True
4418,Physiology,Y1,B,الزيحان الكلوري :,"أ) تبادل الكلور بين هواء الاسناخ والخلايا البالغة
ب) تبادلين البيكربونات والكلور بين الكريات الحمر و البلازما
ج) تأثير الكلور على افراز المخاط في التليف الكيسي
د) التبادل بين شاردة الكلور وحمض الكربون في البلازما","أ) هو انزياح منحنى تفكك الأوكسيهيموغلوبين إلى اليسار نتيجة نقص 2,3-DPG أو القلاء أو انخفاض الحرارة  
ب) هو انزياح منحنى تفكك الأوكسيهيموغلوبين إلى اليمين نتيجة زيادة CO2 أو الحُماض أو ارتفاع الحرارة  
ج) هو زيادة تركيز الكلوريد في البلازما بسبب الجفاف الشديد  
د) هو نقص الكلوريد في الدم بسبب القيء المطوّل أو استعمال المدرّات",0.8474,False
2155,Genetics,Y1,A,كل ما يلي صحيح عن جفاف الجلد الصباغي ماعدا :,"أ) نتيجة مطفرات بيئية
ب) اضطراب متنحي جسمي نادر
ج) اختلال إصلاح استئصال مثنوية أدنين
د) يحدث فيه سرطان جلد","أ) مرض وراثي متنحٍ جسدي ناتج عن خلل في إصلاح الـDNA بعد التعرض للأشعة فوق البنفسجية  
ب) يتميز بحساسية شديدة للضوء مع نمش مبكر وتصبغات وجفاف وضمور جلدي في المناطق المعرضة للشمس  
ج) يزداد خطر حدوث سرطانات الجلد (مثل سرطان الخلايا القاعدية والحرشفية والميلانوما) في سن مبكرة  
د) ينتقل بالوراثة السائدة المرتبطة بالصبغي X ويظهر غالبًا في البلوغ المتأخر",0.851,True
4793,Statistics,Y1,B,بفرض احتمال الشفاء من مرض دموي هو 0.33 في عينة مكونة من 3 مرضى، ما احتمال أن يشفوا جميعاً:,"أ) تقريباً 0.75
ب) تقريباً 0.036
ج) تقريباً 0.075
د) تقريباً 0.36","أ) 0.33  
ب) 0.1089  
ج) 0.0359  
د) 0.67",0.8762,True
3512,Ophthalmology,Y5,E,في التهاب العنبة بالتوكسوبلاسموز عند الوليد:,"أ) تكون حالة الوليد جيدة
ب) لا تترك عقابيل في حال بقي الوليد على قيد الحياة
ج) تترك الإصابة ندبة ناقصة التصبغ
د) إصابة الشبكية لا تكون واضحة لوضع التشخيص","أ) يكون غالبًا ثنائي الجانب مع آفات شبكية/مشيمية متعددة وقد يترافق مع استسقاء دماغي وتكلسات داخل القحف  
ب) يكون عادةً أحادي الجانب مع آفة بؤرية نشطة مجاورة لندبة قديمة (headlight in the fog)  
ج) يترافق غالبًا مع التهاب قزحية أمامي حاد مع نقص ضغط العين وغياب التهاب الزجاجي  
د) يتميز بوجود ترسبات قرنية شحمية كبيرة (mutton-fat) وعقيدات قزحية كما في الساركويد/السل",0.851,True
4785,Statistics,Y1,D,يمكن حساب الوسيط ومعامل سبيرمان لارتباط الرتب في:,"أ) المقياس الاسمي
ب) المقياس الفتروي
ج) المقياس النسبي
د) B+C","أ) البيانات الاسمية (Nominal)  
ب) البيانات الرتبية (Ordinal)  
ج) البيانات الفئوية/الفاصلية (Interval)  
د) البيانات النسبية (Ratio)",0.8934,True
3274,Microbiology,Y3,E,تحتوي حبيبات كاسرة للضوء,"أ) تطوف بسهولة بالمحاليل المشبعة
ب) ذات شكل مستطيلي
ج) يمكن أن تنتقل الاخماج التالية عبر نقل الدم عدا
د) المتصورات","أ) الجليكوجين  
ب) الليبوفوسين  
ج) الميلانين  
د) الهيموسيديرين",0.8475,False
2968,Physics,Y1,D,القاعدتان اللتان تتحكمان بجريان المائع المثالي هما:,"أ) معادلة الاستمرارية
ب) معادلة برنولي
ج) معادله أرخميدس
د) A, B","أ) معادلة الاستمرارية ومعادلة برنولي  
ب) قانون بويل وقانون شارل  
ج) قانون نيوتن الثاني وقانون الجذب العام  
د) قانون أوم وقانون كيرشوف للتيار",0.9124,True
1798,Genetics,Y1,C,تتميز عملية الترجمة في حقيقيات النوى بكل ما يلي ماعدا :,"أ) تتم في هيولى عند حقيقيات النوى
ب) يرتبط الرنا المرسال مع الريباسة من النهاية 3` للرنا المرسال
ج) يرتبط أولًا مع الوحيدة الصغيرة للريباسة
د) الحمض الأميني الأول هو الميثيونين","أ) تبدأ الترجمة عادةً بارتباط الوحدة الريبوسومية الصغرى بقبعة 5′ ثم المسح حتى كودون البدء AUG  
ب) تتم الترجمة على ريبوسومات 80S (40S + 60S) في السيتوبلازم أو على الشبكة الإندوبلازمية الخشنة  
ج) يرتبط mRNA بالريبوسوم عبر تسلسل شَين-دالغارنو (Shine-Dalgarno) لتحديد موقع البدء  
د) تتطلب عوامل بدء ترجمة متعددة (eIFs) ويكون الحمض الأميني البادئ غالبًا ميثيونين (Met)",0.8528,True
1135,Anatomy,Y2,B,العضلة التي ترتكز على الحافة الضلعية:,"أ) المستعرضة الصدرية.
ب) الوربية الباطنة.
ج) المنشارية الأمامية.
د) الصدرية الصغيرة.","أ) العضلة المستقيمة البطنية  
ب) العضلة المائلة الخارجية للبطن  
ج) العضلة المائلة الداخلية للبطن  
د) العضلة المستعرضة للبطن",0.8916,True
4177,Physiology,Y1,A,كل مما يلي يزيد قوة قلص العضلة القلبية عدا:,"أ) شدة المنبه
ب) زيادة طول الليف العصبي
ج) زيادة تركيز شوارد الكالسيوم داخل الليف العضلي
د) استخدام الديجتال (الديسموزوم(","أ) التنبيه الودي (زيادة النورأدرينالين/الأدرينالين)  
ب) زيادة تركيز الكالسيوم خارج الخلية  
ج) زيادة معدل ضربات القلب (تأثير السلم)  
د) التنبيه نظير الودي (العصب المبهم/الأستيل كولين)",0.884,True
4045,Physiology,Y1,B,تحدث قوى جذب بين خيوط الاكتين والميوزين مسببة انزلاق بعضها على بعض بسبب شوارد:,"أ) البوتاسيوم
ب) الكالسيوم
ج) الصوديوم
د) الصوديوم والكالسيوم","أ) الكالسيوم (Ca²⁺)  
ب) الصوديوم (Na⁺)  
ج) البوتاسيوم (K⁺)  
د) الكلوريد (Cl⁻)",0.9096,True
746,Anatomy,Y1,D,كل ما يلي من وجوه الجناح الكبير عدا:,"أ) مخي
ب) صدغي + تحت صدغي
ج) فكي علوي
د) فكي سفلي","أ) الوجه المخي  
ب) الوجه الصدغي  
ج) الوجه الحجاجي  
د) الوجه الأنفي",0.9138,True
387,Anatomy,Y2,E,العضلة التي تبعد الطيتين الصوتيتين:,"أ) Thyro arytenoid
ب) Crico thyroid
ج) Lateral cricoarytenoid
د) Oblique arytenoid","أ) العضلة الحلقية الطرجهالية الخلفية  
ب) العضلة الحلقية الطرجهالية الجانبية  
ج) العضلة الطرجهالية  
د) العضلة الدرقية الطرجهالية",0.8343,False
900,Anatomy,Y1,A,تضم العضلات الكعبرية للساعد كل ما يلى عدا:,"أ) قابضة الرسغ الكعبرية القصيرة
ب) الاستلقائية
ج) العضدية الكعبرية
د) باسطة الرسغ الكعبرية الطويلة","أ) العضلة العضدية الكعبرية (Brachioradialis)  
ب) باسطة الرسغ الكعبرية الطويلة (Extensor carpi radialis longus)  
ج) باسطة الرسغ الكعبرية القصيرة (Extensor carpi radialis brevis)  
د) باسطة الأصابع (Extensor digitorum)",0.8954,True
1254,Anesthesia,Y4,E,كل ما يلي صحيح بالنسبة لخطورة التخدير للمرضي الذين في سوابقهم احتشاء عضلة قلبية ماعدا,"أ) حدوث احتشاء جديد بنسبة 40% خلال الأشهر الثلاثة الأولي التالية للاحتشاء
ب) حدوث احتشاء جديد بنسبة 15% بين الشهرين 3-6
ج) حدوث احتشاء بنسبة 5% بعد 6 أشهر
د) تبلغ نسبة الوفيات الناجمة عن الاحتشاء التالي للعمل الجراحي 40-60%","أ) تزداد خطورة التخدير والجراحة بشكل واضح إذا أُجريت خلال الأشهر الثلاثة الأولى بعد الاحتشاء  
ب) يُفضَّل تأجيل الجراحة الاختيارية لمدة 6 أشهر بعد احتشاء عضلة القلب إن أمكن لتقليل الاختطار القلبي  
ج) وجود احتشاء سابق يرفع احتمال حدوث اضطرابات نظم ونقص تروية/احتشاء جديد أثناء التخدير  
د) لا تختلف خطورة التخدير عن الأشخاص الطبيعيين إذا كان الاحتشاء قديماً ولا حاجة لتقييم قلبي قبل الجراحة",0.8613,True
1312,Biochemistry,Y2,C,كل مما يلي حول البرقان الولادي العائلي العابر صحيح ما عدا:,"أ) الارتفاع في البيلروبين غير المقترن.
ب) يظهر البرقان في اليوم 3- 5 بعد الولادة.
ج) يصل البرقان إلى ذروته في اليوم الثالث بعد الولادة.
د) يختفي اليرقان خلال 2-3 أسابيع بعد الولادة.","أ) يظهر خلال الأيام الأولى من الحياة ويزول تلقائياً خلال أسابيع دون علاج  
ب) يترافق غالباً مع ارتفاع البيليروبين غير المقترن مع وظائف كبد طبيعية  
ج) قد يتكرر ظهوره عند الإخوة في العائلة نفسها بسبب نمط وراثي  
د) يترافق عادةً مع فقر دم انحلالي شديد وتضخم كبد وطحال واضحين",0.8796,True
3461,Ophthalmology,Y5,B,عند تشكل الساد الرضي:,"أ) يمر الخلط المائي إلى ألياف الجسم البلوري محدثاً كثافات بشكل ورقة.
ب) يمر الخلط المائي إلى ألياف الجسم البلوري محدثاً كثافات بشكل وردة.
ج) يمر الخلط الزجاجي إلى ألياف الجسم البلوري محدثاً كثافات بشكل ورقة.
د) يمر الخلط الزجاجي إلى ألياف الجسم البلوري محدثاً كثافات بشكل وردة.","أ) يكون غالبًا على شكل عتامة نجمية/وردية في المحفظة الخلفية (Posterior subcapsular rosette cataract)  
ب) يترافق عادةً مع ارتفاع ضغط العين الحاد مباشرةً بعد الرض  
ج) يكون دائمًا ثنائي الجانب ويصيب كلتا العينين بنفس الشدة  
د) لا يؤثر على حدة البصر ولا يحتاج لأي متابعة أو علاج",0.8313,False
4890,Surgery,Y4,D,العوامل التي تساعد على انتشار الإنتان في البريتوان وحدوث التهاب البريتوان المعمم: كل ما يلي صحيح ما عدا:,"أ) سرعة حدوث التلوث الجرثومي.
ب) تحريض الأمعاء على الحركة عن طريق الطعام أو الشراب أو الرحضات الشرجبة.
ج) الفحص الخشن: قد يساهم في تمزق التجمعات المتوضعة.
د) الثرب النامي خاصة لدى الأطفال.","أ) الحركة الدودية المستمرة للأمعاء  
ب) وجود السوائل الحرة في جوف البريتوان  
ج) كثرة التصاقات البريتوان التي تحدّ من انتشار الإنتان  
د) تأثير الجاذبية وتجمع المفرزات في الحوض وتحت الحجاب الحاجز",0.8738,True
522,Anatomy,Y1,D,تحوي كل كلية على :,"أ) قشرة خارجية
ب) لبا داخليا
ج) أهرام كلوية
د) كل ما سبق صحيح","أ) حوالي مليون نفرون  
ب) حوالي 10 آلاف نفرون  
ج) حوالي 100 مليون نفرون  
د) حوالي 100 نفرون",0.8412,False
3155,Cardiology,Y1,D,تزداد قوة تقلص العضلة القلبية بزيادة كل مما يلي عدا:,"أ) طول الليف البدئي
ب) الفعالية الودية
ج) العود الوريدي
د) شدة التنبيه","أ) زيادة تركيز الكالسيوم داخل الخلية العضلية القلبية  
ب) زيادة التنبيه الودي (تنشيط مستقبلات بيتا-1)  
ج) زيادة طول الألياف العضلية القلبية قبل الانقباض (زيادة التحميل المسبق)  
د) زيادة التنبيه نظير الودي (العصب المبهم)",0.8774,True
3129,Neurology,Y1,C,أحد الأمثلة التي تشير إلى التآزر في كل من القسمين الودي واللا ودي:,"أ) تعصيب الغدد الدرقية.
ب) تنظيم ضربات القلب.
ج) تنظيم إفراز اللعاب.
د) ليس أياً مما سبق.","أ) زيادة إفراز اللعاب المائي عبر اللاودي مع زيادة إفراز اللعاب المخاطي عبر الودي لإنتاج لعاب كافٍ  
ب) زيادة معدل ضربات القلب عبر الودي مع خفضه عبر اللاودي  
ج) توسع الحدقة عبر الودي مع تضيقها عبر اللاودي  
د) توسع القصبات عبر الودي مع تضيقها عبر اللاودي",0.8734,True
4886,Surgery,Y4,A,غالباً يتم الوصول للتشخيص الباكر الأكيد بإجراء (واحد مما يلي):,"أ) تنظير للبطن باكر وأخذ جرعات بيرتوانية أو موجهة.
ب) تحاليل دموية.
ج) تنظير هضمي علوي.
د) تنظير هضمي سفلي.","أ) الخزعة النسيجية (Biopsy)  
ب) التصوير بالأمواج فوق الصوتية (Ultrasound)  
ج) التصوير الطبقي المحوري (CT)  
د) التحاليل المخبرية الروتينية (CBC وESR)",0.8647,True
3837,Physiology,Y1,A,يعيد السائل لداخل الأوعية :,"أ) الضغط الغرواني للدم
ب) ضغط الدم
ج) الضغط الغروانى للخلال
د) ضغط الخلال السلبي","أ) الضغط الأسموزي الغرواني للبلازما (الأونكوتي)  
ب) الضغط الهيدروستاتيكي داخل الشعيرات الدموية  
ج) زيادة نفاذية جدار الشعيرات الدموية  
د) انسداد الأوعية اللمفاوية",0.8912,True
4337,Physiology,Y1,A,يتحسس المتغيرات:,"أ) المستقبل
ب) الجهاز المراقب
ج) المتغير المنظم
د) المقارن","أ) المتغيرات المستقلة  
ب) المتغيرات التابعة  
ج) المتغيرات الضابطة (الثابتة)  
د) المتغيرات الدخيلة/المربكة (Confounders)",0.894,True
2062,Genetics,Y1,A,تظهر الخلايا الهدفية في:,"أ) مرض التلاسيميا بيتا.
ب) الهيموفيليا او الناعور.
ج) مرض الفوال.
د) ابيضاض الدم النقوي.","أ) الثلاسيميا  
ب) فقر الدم بعوز الحديد  
ج) كثرة الكريات الحمر الحقيقية (Polycythemia vera)  
د) فقر الدم اللاتنسجي",0.8906,True
4535,Statistics,Y1,B,تكون تقارير الفحوص المخبرية والشعاعية من محتويات:,"أ) بيانات حياة المريض
ب) السجل الطبي
ج) بيانات المشفى
د) بيانات وزارة الصحة","أ) السجل الطبي للمريض  
ب) الخطة العلاجية اليومية  
ج) نموذج الموافقة المستنيرة  
د) بطاقة المواعيد والمتابعة",0.8998,True
95,Histology,Y2,C,من وظائف الأدمة كل مما يلي ما عدا :,"أ) دعم البشرة.
ب) ربط البشرة مع النسيج الشحمي تحت الجلد.
ج) تجديد خلايا الجلد.
د) كل ما سبق صحيح.","أ) تغذية البشرة عبر الأوعية الدموية  
ب) الإحساس (وجود النهايات العصبية والمستقبلات الحسية)  
ج) تنظيم حرارة الجسم عبر الغدد العرقية والأوعية الدموية  
د) إنتاج صبغة الميلانين بواسطة الخلايا الميلانية",0.8839,True
940,Anatomy,Y1,C,وسائل اتحاد فاصلة في حركية المفصل:,"أ) المحفظة المفصلية
ب) الأربطة
ج) العضلات
د) السطوح المفصلية","أ) اتحاد عظمي (Synostosis)  
ب) اتحاد غضروفي (Synchondrosis)  
ج) اتحاد ليفي (Syndesmosis)  
د) اتحاد زلالي/مفصلي (Synovial joint)",0.8729,True
4401,Physiology,Y2,C,إن الإشعاعات الكهرطيسية الذي معظم منابع الليزر من المجال ... إلى ...,"أ) تحت الأحمر المتوسط 10um = - فوق البنفسجي القريب 200um
ب) تحت الأحمر القريب 5um = - فوق البنفسجي البعيد 200nm
ج) تحت الأحمر المتوسط 10um = - فوق البنفسجي القريب 200nm
د) A, C","أ) من المجال فوق البنفسجي إلى المجال تحت الأحمر  
ب) من المجال تحت الأحمر إلى مجال الأشعة السينية  
ج) من المجال الميكروي إلى مجال أشعة غاما  
د) من المجال المرئي إلى مجال الأشعة السينية",0.8638,True
2188,Cell Biology,Y1,A,ناقل الطاقة الذي يشارك بعملية التركيب الضوئي:,"أ) NADPH / NADP+
ب) NADH / NAD+
ج) O- / O
د) Fe+2 / Fe+3","أ) ATP  
ب) NADPH  
ج) الكلوروفيل  
د) ثاني أكسيد الكربون",0.8717,True
2789,Physics,Y1,B,وفقا للنظرية ……………تتناسب درجة حرارة عنصر صغير من المادة مع الطاقة ....... للجزيئات التي يتكون منها :,"أ) الحرارية - الحركية
ب) الحركية - الحركية
ج) الحرارية - الحرارية
د) الحركية - الحرارية","أ) وفقا للنظرية الحركية تتناسب درجة حرارة عنصر صغير من المادة مع الطاقة الحركية المتوسطة للجزيئات التي يتكون منها  
ب) وفقا للنظرية الذرية تتناسب درجة حرارة عنصر صغير من المادة مع الطاقة الكامنة المتوسطة للجزيئات التي يتكون منها  
ج) وفقا للنظرية النسبية تتناسب درجة حرارة عنصر صغير من المادة مع الطاقة النووية المتوسطة للجزيئات التي يتكون منها  
د) وفقا للنظرية الكهرومغناطيسية تتناسب درجة حرارة عنصر صغير من المادة مع الطاقة الإشعاعية المتوسطة للجزيئات التي يتكون منها",0.839,False
915,Anatomy,Y1,C,يحوي الدماغ البيني داخله جوف البطين:,"أ) الجانبي
ب) الرابع
ج) الثالث
د) لا شيء مما سبق","أ) الثالث  
ب) الرابع  
ج) الجانبيان (الأول والثاني)  
د) القناة المركزية (قناة سيلفيوس)",0.9023,True
2407,Physics,Y1,D,في حالة مجس يتكون من شبكة من تراجيم خطية فيمكن تبذير الموجة عن طريق :,"أ) عدسات تقليبية
ب) عدسات صوتية
ج) خطوط تأخير الكترونية
د) C+A","أ) تغيير طول عناصر الشبكة (التراجيم) لتعديل طور الإشارة وإحداث تبذير  
ب) تغيير المسافات بين عناصر الشبكة للتحكم في اتجاه وشدة التبذير  
ج) تدوير الشبكة أو تغيير زاوية سقوط الموجة على الشبكة لتغيير نمط التبذير  
د) تغيير تردد الموجة (أو الطول الموجي) مما يؤدي لتغير شروط الحيود وبالتالي التبذير",0.8726,True
3564,Ophthalmology,Y5,E,من علامات التهاب حليمة العصب البصري ما يلي عدا:,"أ) نقص شديد في حدة الرؤية
ب) عتمة مركزية
ج) تضيق في الساحة البصرية
د) اضطراب الرؤية الملونة","أ) انخفاض حدة الإبصار  
ب) ألم عند تحريك العين  
ج) عيب في المجال البصري (مثل عتمة مركزية)  
د) توسع حدقة العين وعدم تفاعلها للضوء (حدقة ثابتة متوسعة)",0.9223,True
1297,Biochemistry,Y2,A,الحمض الأميني التالي هو: H-CH-COO وفيه NH3 موجب:,"أ) الغليسين.
ب) البرولين.
ج) السيرين.
د) السيستئين.","أ) غلايسين (Glycine)  
ب) ألانين (Alanine)  
ج) فالين (Valine)  
د) لايسين (Lysine)",0.8658,True
3719,Pathology,Y2,D,التركيز الطبيعي للالبومين في المصل,"أ) 60-80 غ/ل
ب) 30-40 ملغ/ل
ج) اكثر من 1000 ملغ /دل
د) 35-50 غ/ل","أ) 1–2 غ/دل  
ب) 2–3 غ/دل  
ج) 3.5–5.0 غ/دل  
د) 6–8 غ/دل",0.8766,True
27,Anatomy,Y1,A,يساهم بتشكيل مسبع ويليس ما عدا:,"أ) السباتي الظاهر
ب) السباتي الباطن الأيسر
ج) القاعدي
د) السباتي الباطن الأيمن","أ) الشريان المخي الأمامي  
ب) الشريان المواصل الأمامي  
ج) الشريان المواصل الخلفي  
د) الشريان المخي الأوسط",0.8937,True
2160,Genetics,Y1,A,عندما تكون جمهرة (population) في توازن جيني حسب هاردي-واينبرغ، هذا يعني أنها تحقق الشروط التالية: واحد خطأ,"أ) التزاوج بين أفرادها عشوائي
ب) معدل الطفرات فيها ضمن الحدود الطبيعية
ج) لا توجد عوامل خارجية تؤثر على نمط جيني معين
د) أفراد متجانسين وراثيًا","أ) تزاوج عشوائي داخل الجمهرة  
ب) لا توجد هجرة (تدفق جيني) إلى أو خارج الجمهرة  
ج) وجود انتقاء طبيعي قوي يفضّل نمطًا جينيًا معيّنًا  
د) حجم الجمهرة كبير جدًا (لا يحدث انجراف وراثي)",0.907,True
4103,Physiology,Y1,A,يشكل جسراً بين الياف الكولاجين والصفيحات الدموية:,"أ) الترومبوكسان A2
ب) عامل فون ويلبراند
ج) البروستاسايكلين
د) ADP","أ) عامل فون ويلبراند (vWF)  
ب) الفيبرينوجين  
ج) الثرومبوبلاستين النسيجي (عامل III)  
د) البروتين C",0.9102,True
1465,Biochemistry,Y1,A,يعزى الشعر الاشقر عند بعض سكان جزر: Solomon الى,"أ) تغير في شفع أساس واحد في أحد الجينات
ب) تغير كامل سلسلة الدنا
ج) عوامل بيئية
د) لا شيء مما ذكر صحيح","أ) طفرة في جين TYRP1 تؤثر على تصنيع الميلانين  
ب) زيادة التعرض لأشعة الشمس مما يسبب تفتيح الشعر تدريجياً  
ج) نقص النحاس الغذائي المزمن المؤدي لضعف تصبغ الشعر  
د) اختلاط وراثي حديث مع أوروبيين أدى لانتشار الشعر الأشقر",0.8671,True
4161,Physiology,Y1,D,فيما يخص الهرمونات موضعية التأثير:,"أ) تؤثر في منطقة قريبة من منطقة افرازها
ب) تنتج و تحرر و ينتهي تأثيرها بسرعة
ج) أحد أمثلتها الأستيل كولين
د) كل ما سبق صحيح","أ) هي هرمونات تُفرَز من غدد صماء وتنتقل عبر الدم لتؤثر في أعضاء بعيدة  
ب) هي مواد كيميائية تُفرَز محليًا وتؤثر في الخلايا المجاورة أو نفس الخلية (باراكرين/أوتوكرين) دون انتقال جهازي عبر الدم  
ج) هي هرمونات تُخزَّن في الحويصلات العصبية وتُفرَز فقط عند التنبيه العصبي (هرمونات عصبية)  
د) هي هرمونات ستيرويدية تعبر الغشاء وتعمل عبر مستقبلات داخل النواة لتعديل النسخ الجيني فقط",0.8343,False
873,Histology and Anatomy,Y2,A,تحدث عملية الاباضة بسبب الدفق الشديد لهرمون :,"أ) LH
ب) FSH
ج) TSH
د) GuRH","أ) الهرمون المنبه للجريب (FSH)  
ب) الهرمون اللوتيني (LH)  
ج) الإستروجين  
د) البروجسترون",0.855,True
2447,Physics,Y1,D,كل مايلي صحيح عن الإصدارية ماعدا:,"أ) تدل على الإشعاع الممتص عند الطول الموجي
ب) عندما يعبر الإشعاع كنه أو يرتد عنه فان إصداريته تساوي الصفر
ج) عندما يمتص كله فإن إصدار يته تساوي الواحد من أجل كل الأطوال
د) هي عدد ليس له أبعاد قيمته بين الصفر والواحد وهي نسبة الموجية معدل الإشعاع من سطح معين إلى معدل الإشعاع من مساحة مختلفة من سطح مشع أسود مثالي في درجة الحرارة نفسها.","أ) مرض جلدي معدٍ تسببه بكتيريا المكورات العنقودية الذهبية أو العقدية  
ب) تظهر غالبًا عند الأطفال وتتميز ببثور سطحية تتحول إلى قشور عسلية اللون  
ج) تُعد من الأمراض الفطرية وتُعالج أساسًا بمضادات الفطريات الموضعية  
د) قد تنتشر بالتماس المباشر أو عبر الأدوات الملوثة وتتحسن بالمضادات الحيوية المناسبة",0.8277,False
1631,Biochemistry,Y2,B,من اسباب نقص مقاومهمريض الداء السكرى للجراثيم:,"أ) ازدياد ورم الدم للانسجه
ب) نقص اصطناع البروتينات وخاصه الغلوبيولينات
ج) نقص تركيز الغلوكوز الحر فى تيار الدم
د) كل ما سبق خطأ","أ) نقص كفاءة العدلات (ضعف الانجذاب الكيميائي والبلعمة وقتل الجراثيم)  
ب) نقص التروية الدموية الطرفية بسبب اعتلال الأوعية الدقيقة والكبيرة  
ج) ارتفاع سكر الدم الذي يثبط المناعة ويزيد نمو الجراثيم  
د) الاعتلال العصبي السكري الذي يؤدي لقرحات وجروح غير محسوسة وسهلة الإنتان",0.8647,True
3066,Physics,Y1,B,إذا تضيق قطر الشريان الى ثلث قيمته الأصلية عند مريض مصاب بمرض وعاني وقلبي وبقي هبوط الضغط فيه على حاله فإن معدل جريان الدم ينخفض إلى :,"أ) .. 1/16 من قيمته الأصلية.
ب) 81/1 من قيمته الأصلية .
ج) 1/6 من قيمته الأصلية.
د) 27/1 من قيمته الأصلية .","أ) ثلث قيمته الأصلية  
ب) تسع قيمته الأصلية (1/9)  
ج) واحد على سبعة وعشرين من قيمته الأصلية (1/27)  
د) واحد على واحد وثمانين من قيمته الأصلية (1/81)",0.9105,True
1325,Biochemistry,Y2,B,في التهاب الدرق المؤلم Painful Thyroiditis:,"أ) غالباً ما تنخفض قيم الغلوبيولين الدرقي (Thyroglobulin).
ب) غالباً ما ترتفع قيم سرعة التلف ESR.
ج) عادة ما تكون أضداد TPO مرتفعة.
د) D كل ما سبق صحيح.","أ) يكون غالبًا التهاب درق تحت حاد (دي كيرفان) بعد عدوى فيروسية مع ألم بالعنق وارتفاع ESR  
ب) يكون غالبًا التهاب درق هاشيموتو غير مؤلم مع أضداد TPO مرتفعة  
ج) يكون غالبًا التهاب درق صامت/بعد الولادة غير مؤلم مع ESR طبيعي أو منخفض  
د) يكون غالبًا التهاب درق قيحي جرثومي مع حمى شديدة وخراج وارتفاع الكريات البيضاء",0.8616,True
4421,Physiology,Y1,C,زيادة الجريان الدموي,"أ) يجعل pco2 النسخ 10 ممز
ب) يزيد pco2 النسج
ج) يجعل Pco2 النسج يقارب 40 ممز
د) كل ما سبق صحيح","أ) فرط التروية (Hyperemia)  
ب) نقص التروية (Ischemia)  
ج) الاحتقان (Congestion)  
د) النزف (Hemorrhage)",0.8478,False
4347,Physiology,Y1,B,ينتج عن تنبيه مستقبلات الفا كل ما يلي عدا:,"أ) تقبض الاوعية الدموية للجلد
ب) تحلل الشحم
ج) تقبض اوعية المخاطيات
د) تثبيط افراز الانسولين","أ) تضيق الأوعية الدموية وارتفاع ضغط الدم  
ب) توسع الحدقة (Mydriasis)  
ج) زيادة انقباض المصرة البولية واحتباس البول  
د) بطء القلب (Bradycardia)",0.8731,True
5,Anatomy,Y1,C,القناة الدافقة إختر الإجابة الخاطئة :,"أ) تقيس القناة الدافقة أقل من واحد سم
ب) تتشكل من إتحاد البربخ مع قناة الحويصلة المنوية
ج) تنقب السطح الخلفي للمثانة
د) تنفتح على الجزء الموثي من الإحليل","أ) تتكوّن من اتحاد قناة الأسهر مع قناة الحويصلة المنوية  
ب) تصبّ في الإحليل البروستاتي عند الحديبة المنوية (Verumontanum)  
ج) تمرّ داخل غدة البروستاتا قبل فتحها في الإحليل  
د) تنقل الحيوانات المنوية من البربخ مباشرة إلى الإحليل دون المرور بقناة الأسهر",0.884,True
4911,Surgery,Y4,D,في المريضة السابقة إذا كانت الصورة البسيطة: تدل على سويات معوية دقيقة وغياب الارتسام الكولونات وكانت مقاطع التصوير الطبقي المحوري تشير لتوسع عرى: المعي الدقيق وزيادة في شحم المساريقا مع عدم ارتسام الكولون بالكامل فالتشخيص المحتمل هو:,"أ) وجود تنشو على حساب الكولون المتقرح.
ب) المريضة مصابة بداء كرون ساد وليس التهاب كولون قرحي.
ج) وجود التهاب قولون سمي.
د) التصاقات معوية.","أ) انسداد الأمعاء الدقيقة (Small bowel obstruction)  
ب) شلل الأمعاء العام (Paralytic ileus)  
ج) التهاب الأمعاء الدقيقة مع انسداد وظيفي (Enteritis with ileus)  
د) انسداد القولون الكامل (Large bowel obstruction)",0.8527,True
2658,Chemistry,Y1,A,نمط التفاعل الآتي هو: CH3CH2OH H2SO4( 98% ) CH2= CH2 + H2O,"أ) تفاعل حذف.
ب) تفاعل إضافة.
ج) تفاعل أكسدة.
د) تفاعل استبدال.","أ) تفاعل نزع ماء (حذف) للإيثانول لإنتاج الإيثين  
ب) تفاعل إضافة ماء (إماهة) للإيثين لإنتاج الإيثانول  
ج) تفاعل أكسدة للإيثانول لإنتاج الإيثانال  
د) تفاعل استبدال للإيثانول لإنتاج كبريتات الإيثيل",0.8949,True
4005,Physiology,Y1,B,يعصب كل ليف عضلي هيكلي من طرفيه:,"أ) محوار واحد في طرف الليف
ب) محوار واحد في وسط الليف
ج) محوار من كل طرف
د) كل ما سبق خاطئ","أ) عصبون حركي واحد عند اللوحة المحركة في منتصف الليف  
ب) عصبونان حركيان، واحد عند كل طرف من الليف  
ج) ألياف ودّية (سمبثاوية) عند طرفي الليف لتنظيم التوتر  
د) عصبون حسي عند أحد الطرفين وعصبون حركي عند الطرف الآخر",0.8881,True
160,Anatomy,Y2,E,تتواجد العناصر التاليه فى المثلث الخلفى للعنق ما عدا:,"أ) شريان ظهر الكتف
ب) الشريان الغذائى
ج) عصب فوق الكتف
د) الضفيرة الرقبية","أ) العصب الإضافي (Accessory nerve - XI)  
ب) الوريد الوداجي الخارجي (External jugular vein)  
ج) العضلة القصية الترقوية الخشائية (Sternocleidomastoid muscle)  
د) الشريان السباتي العام (Common carotid artery)",0.8657,True
918,Anatomy,Y1,C,غضروف له شكل الخاتم هو :,"أ) Thyroid
ب) Cricoid
ج) Arytenoid
د) Cuneiform","أ) الغضروف الحلقي (Cricoid cartilage)  
ب) الغضروف الدرقي (Thyroid cartilage)  
ج) لسان المزمار (Epiglottis)  
د) الغضروف الطرجهالي (Arytenoid cartilage)",0.8711,True
2976,Physics,Y1,C,تعبر الأشعة السينية الجسم البشري الذي يمتص جزءا منها يتناسب في كل رقعة من الجسم مع:,"أ) ثخالة تلك الرقعة وثخانتها.
ب) عددها الذري .
ج) A,B .
د) كل ما سبق خاطئ .","أ) كثافة النسيج وسمكه والعدد الذري للعناصر المكوِّنة له  
ب) درجة حرارة النسيج ومعدل الأيض فيه  
ج) لون الجلد وكمية الميلانين في المنطقة  
د) ضغط الدم في الأوعية الدموية بالمنطقة",0.8602,True
2522,Physics,Y1,A,"لدينا وسطان ممانعتهما الصوتيتان Z , Z1. وكثافتاهما p1 و p فإن سرعة الصوت فيهما","أ) V=
ب) V=
ج) V=PZ
د) V=PZ2","أ) \(c=\dfrac{Z}{\rho}\) و \(c_1=\dfrac{Z_1}{\rho_1}\)  
ب) \(c=\dfrac{\rho}{Z}\) و \(c_1=\dfrac{\rho_1}{Z_1}\)  
ج) \(c=\dfrac{Z}{\rho_1}\) و \(c_1=\dfrac{Z_1}{\rho}\)  
د) \(c=\dfrac{Z_1}{\rho}\) و \(c_1=\dfrac{Z}{\rho_1}\)",0.8234,False
1964,Genetics,Y1,D,الجزيئات المتحرى عنها في تبقيع ويسترن:,"أ) DNA
ب) RNA
ج) البروتينات
د) كل ما سبق صحيح","أ) البروتينات  
ب) الأحماض النووية (DNA/RNA)  
ج) السكريات المتعددة (الكربوهيدرات)  
د) الدهون (الليبيدات)",0.8918,True
476,Anatomy,Y1,A,يشبه بشكله خاتمًا ذا فص كبير:,"أ) الحلقي
ب) الطرجهالي
ج) الدرقي
د) القريني","أ) الخاتم ذو الفص  
ب) الخاتم الفصّي  
ج) الخاتم ذو الحجر الكبير  
د) الخاتم المرصّع بحجر كبير",0.8804,True
1976,Genetics,Y1,C,من خصائص ظاهرة تعطيل الصبغي X: واحد خطأ,"أ) تحصل في الأسبوع الثاني بعد الإلقاح
ب) عند أنثى طبيعية
ج) يحصل على الصبغي X الأبوي
د) التعطيل بظواهر الـ epigenetic","أ) تحدث في الإناث فقط تقريبًا وتؤدي إلى تكوين جسم بار (Barr body)  
ب) تحدث عشوائيًا في الخلايا الجسدية خلال المراحل الجنينية المبكرة وتُورَّث كلونيًا للخلايا البنوية  
ج) يتم تعطيل الصبغي X نفسه في جميع خلايا الجسم (أي دائمًا الصبغي الأبوي أو دائمًا الصبغي الأمومي)  
د) تعتمد على التعبير عن جين XIST الذي يغلّف الصبغي X المراد تعطيله ويكثّفه إلى كروماتين غير فعّال",0.8564,True
4652,Statistics,Y1,C,اختر الإجابة الخاطئة بالنسبة للعينة العشوائية الطبقية:,"أ) تستخدم عندما يكون المجتمع غير متجانس
ب) يقسم المجتمع إلى مجموعات متجانسة تسمى طبقات
ج) نختار منه عينة عشوائية طبقية من كل طبقة
د) نختار عشوائيًا من كل طبقة عينة عندها يتناسب مع عدد افراد الطبقة إلى عدد أفراد المجتمع","أ) يتم تقسيم المجتمع إلى طبقات متجانسة ثم تُسحب عينة عشوائية من كل طبقة  
ب) تضمن تمثيل جميع الطبقات في العينة حتى لو كانت بعض الطبقات صغيرة الحجم  
ج) يمكن أن تكون أحجام العينات المسحوبة من الطبقات متناسبة مع حجم كل طبقة أو غير متناسبة حسب الهدف  
د) لا تتطلب معرفة مسبقة بخصائص المجتمع أو تقسيمه إلى طبقات قبل سحب العينة",0.893,True
703,Anatomy,Y1,A,. الحد الخلفي للحفرة الجناحية الحنكية هو,"أ) Pterygoid processes
ب) Greater wing
ج) Lesser wing
د) Crista galli","أ) الناتئ الجناحي للعظم الوتدي  
ب) السطح الخلفي للفك العلوي  
ج) الصفيحة العمودية للعظم الحنكي  
د) جسم العظم الوتدي",0.8445,False
3984,Physiology,Y1,D,في تجربة ضغط الدم المتغيرات المساعدة هي:,"أ) سرعة القلب
ب) قوة التقلص
ج) قطر الاوعية الدموية
د) كل ما سبق صحيح","أ) العمر والجنس والوزن ومستوى النشاط البدني  
ب) نوع جهاز قياس ضغط الدم وحجم الكُفّة ووضعية الجسم ووقت القياس  
ج) مستوى الكوليسترول وسكر الدم ووظائف الكلى  
د) لون العين وفصيلة الدم والطول ومحيط الرأس",0.8611,True
568,Anatomy,Y1,C,ينتهي الشريان الوجهي بالشريان:,"أ) الفكي
ب) الوتدي الحنكي
ج) الزاوي
د) الأنفي","أ) الشريان الزاوي  
ب) الشريان تحت الحجاج  
ج) الشريان الصدغي السطحي  
د) الشريان اللساني",0.9089,True
4366,Physiology,Y2,B,الخيوط الثخينة :,"أ) توجد في الشرائط النيرة.
ب) توجد في مركز القسيم العضلي.
ج) ذيل الميوزين يحتوي روابط لل ATP والأكتين.
د) كل ما سبق خاطئ.","أ) هي خيوط الميوزين الموجودة في الساركومير والمسؤولة عن توليد القوة أثناء الانقباض  
ب) هي خيوط الأكتين الرقيقة المرتبطة بالتروبونين والتروبوميوزين  
ج) هي خيوط الكولاجين في النسيج الضام التي تمنح المتانة والمرونة  
د) هي خيوط الأنابيب الدقيقة (Microtubules) المكوّنة من التوبولين ضمن الهيكل الخلوي",0.8739,True
1032,Anatomy,Y1,C,من أشكال الحليمات الذوقية إختر الإجابة الخاطئة :,"أ) الخيطية
ب) الفطرية
ج) المختلطة
د) الورقية","أ) الحليمات الخيطية  
ب) الحليمات الفطرية  
ج) الحليمات الكأسية (المحيطة)  
د) الحليمات الورقية",0.9321,True
1053,Anatomy,Y1,A,عدد ثقوب حلمة الثدي:,"أ) 15-20
ب) 20-25
ج) 2025-05-10 0:00:00
د) 30","أ) 5–10  
ب) 15–20  
ج) 25–30  
د) 35–40",0.8835,True
3896,Physiology,Y1,B,توجد مستقبلات الضغط في كل البنى التالية عدا:,"أ) قوس الابهر
ب) الاذينة اليمنى
ج) الشرايين الكبيرة في منطقة الصدر والعنق
د) الجيب السباتي","أ) قوس الأبهر  
ب) الجيب السباتي  
ج) الأذين الأيمن  
د) الحويصلات الرئوية",0.9374,True
4506,Statistics,Y1,C,ليست من الإحصاءات الروتينية المهمة للمشفى:,"أ) العدد الإجمالي لأيام المريض في المشفى
ب) الإحصاء اليومي الرسمي
ج) العدد الإجمالي لسكان المنطقة
د) العدد الإجمالي لوفيات الأمهات والأجنة وللولدان الأحياء","أ) معدل إشغال الأسرة  
ب) متوسط مدة الإقامة  
ج) معدل دوران السرير  
د) مستوى رضا المرضى عن جودة الطعام",0.8801,True
1354,Biochemistry,Y1,B,يمكن ان يتفاعل الكلور مع البروبان في ضوء الشمس لانتاج-1 كلورو بروبان ماذا ندعو هذه الالية:,"أ) إضافة نكليوفيلية
ب) استبدال الجذور الحرة
ج) اضفة الكتروفيلية
د) استبدال الكتروفيلي","أ) تفاعل إضافة كهروإيجابية (Electrophilic addition)  
ب) تفاعل استبدال جذري حر/هلجنة جذورية (Free radical substitution)  
ج) تفاعل استبدال نيوكليوفيلي (Nucleophilic substitution)  
د) تفاعل حذف (Elimination)",0.8756,True
2174,Cell Biology,Y1,D,كل ما يلي يشكل 99% من كتلة ذرات جسم الانسان,"أ) H
ب) C
ج) N
د) P","أ) الأكسجين والكربون والهيدروجين والنيتروجين  
ب) الصوديوم والبوتاسيوم والكلور والكالسيوم  
ج) الحديد والزنك والنحاس واليود  
د) الفوسفور والمغنيسيوم والكبريت والفلور",0.8179,False
4325,Physiology,Y1,C,يزيد كل ما يلي من سرعة إفراغ المعدة ما عدا:,"أ) زيادة حجم الطعام
ب) زيادة حموضة الكيموس
ج) الوجبات الدسمة
د) الوجبات السائلة","أ) زيادة حجم الوجبة (تمدد المعدة)  
ب) زيادة سيولة/محتوى السوائل في الوجبة  
ج) زيادة حموضة الكيموس الداخل إلى الاثني عشر  
د) زيادة نشاط العصب المبهم (الباراسمبثاوي)",0.8971,True
3469,Ophthalmology,Y5,B,في اعتلال العصب البصري الإقفاري، كل مما يلي صحيح ما عدا:,"أ) يحدث لدى المرضى بعمر 45- 65 سنة
ب) يتميز ببدء مترقي
ج) يظهر لدى مرضى ارتفاع الضغط
د) يرتبط بالتهاب الش ا ريين كالتهاب الشريان الصدغي","أ) يحدث غالبًا عند كبار السن ويرتبط بعوامل خطورة وعائية مثل ارتفاع الضغط والسكري  
ب) يتظاهر بفقدان مفاجئ غير مؤلم للرؤية مع وجود عيب في المجال البصري (غالبًا عيب ارتفاعي)  
ج) يكون القرص البصري شاحبًا مع حواف واضحة منذ البداية دون وذمة حليمة  
د) قد يُشاهد تورم في رأس العصب البصري مع نزوف حول الحليمة في الطور الحاد",0.8519,True
1737,Genetics,Y1,C,يتشارك أقرباء الدرجة الثانية ب :,"أ) كل المادة الوراثية.
ب) نصف المادة الوراثية.
ج) ربع المادة الوراثية.
د) ثمن المادة الوراثية.","أ) 50% من الجينات  
ب) 25% من الجينات  
ج) 12.5% من الجينات  
د) 6.25% من الجينات",0.8867,True
4420,Physiology,Y2,C,تتحسس المستقبلات الكيميائية في البصلة السيسائية مباشرة لـ,"أ) PCO2 في الدم
ب) الشوارد الهيدروجينية في الدم
ج) الشوارد الهيدروجينية في السائل الخلالي
د) كل ما سبق","أ) الضغط الجزئي لثاني أكسيد الكربون في السائل الدماغي الشوكي (عبر تغيّر +H)  
ب) الضغط الجزئي للأكسجين في الدم الشرياني  
ج) درجة حموضة الدم الشرياني (H⁺) مباشرة  
د) ضغط الدم الشرياني (الضغط الشرياني المتوسط)",0.8801,True
1649,Biochemistry,Y2,D,كل ما يلي حول مريض التلاسيميا بينا الكبرى صحيح ما عدا:,"أ) العلاج الشافي هو زرع نقي العظم.
ب) يحتاج لنقل دم بشكل متكرر.
ج) لا يحدث لديه احتشاءات عادة.
د) عادة ما يموت بعمر ٦-٨ أشهر.","أ) يحتاج إلى نقل دم منتظم للحفاظ على مستوى الهيموغلوبين وتقليل فرط تكون الدم خارج النقي  
ب) يعاني غالبًا من تضخم الطحال وتشوهات عظمية نتيجة توسع نقي العظم  
ج) يترافق عادةً مع زيادة امتصاص الحديد وحدوث فرط حديد ثانوي يستلزم علاجًا خالبًا للحديد  
د) يتميز بارتفاع واضح في HbA مع انخفاض HbF في الرحلان الكهربائي للهيموغلوبين",0.8644,True
2556,Physics,Y1,C,تمثل النسبة,"أ) ثابت المتناسب
ب) عامل المرونة
ج) A,B
د) عامل اللدونة","أ) نسبة جزء إلى كل (مثل 3:5)  
ب) نسبة مئوية تعبّر عن جزء من مئة (%)  
ج) نسبة احتمال حدوث حدث معيّن (Risk/Probability)  
د) نسبة تركيز مادة في محلول (مثل mg/dL أو mmol/L)",0.8463,False
3271,Gastroenterology & Hepatology,Y2,E,يروي الشريان المساريقي العلوي (إجابة خطأ): 2015-2014,"أ) عفج.
ب) صائم.
ج) دقاق.
د) زائدة دودية.","أ) الجزء البعيد من الإثني عشر  
ب) الصائم واللفائفي  
ج) القولون الصاعد والثلثان القريبان من القولون المستعرض  
د) الثلث البعيد من القولون المستعرض والقولون النازل",0.8428,False
3062,Physics,Y1,C,لإنتقال الفوتونات في PET على خط واحد وفى إتجاهين.........فإنه يتم الكشف عن تطابقهما بحلقة من....... التى تحيط بالمريض فيها ترابط .......بين كل ..متقابلين وإذا أمكن تحديد الفارق في.......... وصول الفوتونين بدقة امكن حساب موقع النكليد المصدر.,"أ) متماثلين - الكواشف - إلكتروني - مكان
ب) متعاكسين - المنابع - بوزتروني - مكان
ج) متعاكسين - الكواشف - إلكتروني - زمن
د) كل ما سبق خاطئ","أ) متعاكسين؛ كواشف الوميض (Scintillation detectors)؛ ترابط تزامني (Coincidence)؛ كاشفين؛ زمن  
ب) متوازيين؛ كواشف الغاز؛ ترابط طاقي؛ كاشفين؛ الشدة  
ج) متعاكسين؛ كواشف شبه موصلة؛ ترابط مكاني؛ كاشفين؛ الطاقة  
د) متعامدين؛ كواشف التأين؛ ترابط عشوائي؛ كاشفين؛ التردد",0.8703,True
3591,Ophthalmology,Y5,E,إن ظهور الساد في عين واحدة فقط مع بقاء العدسة الأخرى شفافة تماماً يجب أن يدعو لاستقصاء ما يلي عدا:,"أ) السوابق الرضية على العين المصابة
ب) وجود سوابق التهابية في تلك العين
ج) وجود إصابة ورمية في تلك العين
د) متلازمة تغاير الصباغ لفوكس","أ) رضوض أو إصابة سابقة للعين (Traumatic cataract)  
ب) التهاب عنبي/التهاب قزحي هدبي مزمن في العين المصابة  
ج) استعمال موضعي أو جهازي للكورتيكوستيرويدات لفترة طويلة  
د) الساد الشيخي (المرتبط بالعمر) كسبب وحيد دون عوامل أخرى",0.8704,True
4242,Physiology,Y1,A,الخلايا التي تسهم في تشكيل الحاجز الدموي الدماغي هي:,"أ) العصبونات الكبيرة
ب) الخلايا النجمية
ج) الخلايا الدبقية الصغيرة
د) الخلايا السيسانية","أ) الخلايا البطانية للشعيرات الدموية الدماغية مع الوصلات المحكمة  
ب) الخلايا النجمية (الأقدام النهائية)  
ج) الخلايا الدبقية قليلة التغصن  
د) الخلايا الدبقية الصغيرة (الميكروغليا)",0.9065,True
3701,Pathology,Y2,A,من أسباب فرط حمولة الحديد:,"أ) القوت المنخفض للفوسفات
ب) دوالي المريء
ج) غزارة الحيض
د) الداء الزلاقي","أ) داء ترسّب الأصبغة الدموية الوراثي (Hemochromatosis)  
ب) نقل الدم المتكرر (مثل الثلاسيميا)  
ج) تناول مكملات الحديد بجرعات عالية لفترات طويلة  
د) فقر الدم الانحلالي المزمن/تكوّن الدم غير الفعّال (مثل فقر الدم الأروميّ الحلقي)",0.8746,True
993,Anatomy,Y1,B,تمتاز الفقرة الرقبية الأولى:,"أ) لها جسم.
ب) تدعى Atlas .
ج) لها ناتئ شوكي.
د) هي أكبر الفقرات الرقبية.","أ) بأنها حلقيّة الشكل ولا تحتوي على جسم أو نتوء شوكي  
ب) بأنها تمتلك نتوءًا سنّيًا (Dens) يميّزها  
ج) بأنها أكبر الفقرات الرقبية وتحتوي على ثقبة مستعرضة صغيرة جدًا  
د) بأنها تتصل مباشرةً بالفقرات الصدرية وتفتقر للسطوح المفصلية العلوية",0.8731,True
2033,Genetics,Y1,D,عرف ماندل الوراثة علي أنها:,"أ) ظاهرة حيوية متغيرة تعتمد علي الصفحة التي درست
ب) ظاهرة حيوية ثابتة لا تعتمد علي الصفحة التي درست
ج) ظاهرة حيوية ثابتة تعتمد علي الصفحة التي درست
د) كل ما سبق صحيح","أ) وحدات وراثية (جينات) تنتقل من الآباء إلى الأبناء وتحدد الصفات  
ب) تغيّرات مكتسبة تحدث خلال حياة الفرد وتنتقل مباشرة إلى النسل  
ج) تأثيرات بيئية بحتة هي المسؤولة عن ظهور الصفات دون دور للعوامل الوراثية  
د) انتقال الصفات يتم فقط عبر الدم دون وجود وحدات وراثية محددة",0.8517,True
1843,Cell Biology,Y1,B,يعطي النسج قوة وصلابة,"أ) الكولاجين الصفائحي .
ب) الكولاجين الليفي .
ج) كل من A + B .
د) كل ما سبق خاطئ .","أ) الكولاجين  
ب) الإيلاستين  
ج) البروتيوغليكانات  
د) حمض الهيالورونيك",0.874,True
526,Anatomy,Y1,A,تقع صفيحة الأكيمات في :,"أ) الدماغ المتوسط .
ب) البصلة.
ج) المخيخ.
د) الجسر.","أ) الطبقة المخاطية للرحم (بطانة الرحم)  
ب) المشيمة  
ج) الغشاء الأمنيوسي  
د) الغشاء الكوريوني (الكوريون)",0.8839,True
2772,Physics,Y1,A,أن قوه اللزوجة:,"أ) تعاكس جريان المائع
ب) تساعد جريان المائع
ج) ليس لها علاقة بجريان المائع
د) كل ما سبق صحيح","أ) قوة تنشأ بين طبقات السائل المتحركة وتقاوم الانزلاق النسبي بينها  
ب) قوة تجاذب كهربائية بين الشحنات المختلفة داخل السائل  
ج) قوة طفو تؤثر على الأجسام المغمورة وتساوي وزن السائل المزاح  
د) قوة ضغط ناتجة عن وزن عمود السائل وتزداد بزيادة العمق",0.8535,True
174,Anatomy,Y1,A,. اي من الفعاليات التالية تشارك بها البصلة,"أ) منعكس السعال
ب) التوازن
ج) منعكس الحدقة
د) الذوق","أ) تنظيم التوازن والاتزان الحركي  
ب) التحكم بالتنفس وضربات القلب وضغط الدم  
ج) معالجة المعلومات البصرية والسمعية العليا  
د) تنسيق الحركات الإرادية الدقيقة والتعلم الحركي",0.8715,True
4824,Statistics,Y1,A,اذا قبل المريض في يوم وتخرج في اليوم التالي فيحتسب,"أ) يوم الدخول
ب) يوم الخروج
ج) يوم الاستشفاء
د) A+B","أ) يوم واحد  
ب) يومان  
ج) لا يُحتسب يوم الدخول ويُحتسب يوم الخروج فقط  
د) لا يُحتسب إلا إذا تجاوزت الإقامة 24 ساعة",0.8967,True
4540,Statistics,Y1,D,الصحيح عن المنحني التكراري:,"أ) النقاط على ox تمثل قياساً
ب) النقاط على oy تمثل تواتر القياس
ج) النقاط على oy تمثل تكرار ظهور القياس في مجتمع
د) كل ما سبق صحيح","أ) يمثل توزيع البيانات على شكل منحنى يوضح تكرار القيم أو الفئات  
ب) لا يمكن استخدامه إلا مع البيانات النوعية فقط ولا يصلح للبيانات الكمية  
ج) يكون دائماً متماثلاً حول المتوسط ولا يتأثر بشكل التوزيع  
د) لا يعتمد على الفئات أو حدودها ويمكن رسمه دون تجميع البيانات",0.857,True
1888,Genetics,Y1,B,يعطي التصالب بين Rr و rr:,"أ) نمط ظاهري واحد.
ب) نمطين ظاهريين.
ج) ثالثة أنماط ظاهرية.
د) أربعة أنماك ظاهرية.","أ) 50% Rr و 50% rr  
ب) 100% Rr  
ج) 75% Rr و 25% rr  
د) 100% rr",0.85,True
4825,Statistics,Y1,C,اذا قبل المريض في يوم وتخرج في اليوم نفسه فيحتسب يوم .,"أ) دخول .
ب) خروج .
ج) مدة استشفاء .
د) A+B","أ) صحيح  
ب) خطأ  
ج) يعتمد على وقت الدخول (قبل/بعد منتصف الليل)  
د) يعتمد على نوع التأمين أو نظام المستشفى",0.8919,True
1806,Cell Biology,Y1,A,أكثر وأسهل الأشكال وصولا للطاقة في مصادر الطاقة طويلة الأجل:,"أ) المدرجات الأيونية
ب) الروابط التساهمية C-C
ج) ATP
د) لا شيء مما سبق","أ) الكربوهيدرات (الجلوكوز/الجليكوجين)  
ب) الدهون (الأحماض الدهنية/الدهون الثلاثية)  
ج) البروتينات (الأحماض الأمينية)  
د) الفيتامينات والمعادن",0.858,True
59,Histology,Y2,A,يتواجد في المناطق المعرضة لقوى السحب والشد,"أ) Fibrocartilage
ب) Elastic cartilage
ج) Hyaline cartilage
د) Elastic cartilage + hyaline cartilage كلاهما","أ) الغضروف الليفي  
ب) الغضروف الزجاجي  
ج) الغضروف المرن  
د) الغضروف المفصلي (الزجاجي)",0.8701,True
583,Anatomy,Y1,C,عظم الورك (الخاطئة) (مكرر):,"أ) توجد الثلمة الوركية الكبيرة الى الأعلى والخلف من الحق.
ب) تتبارز شوكة الإسك بين الثلمتين الوركيتين الكبيرة والصغيرة.
ج) تمفصل الفرعين العلويين لعظمي العانة في الأمام عبر ارتفاق العانة.
د) للإسك جسم وشعبتان علوية وسفلية.","أ) يتكوّن عظم الورك من الحرقفة والإسك والعانة ويلتحم عند الحُقّ  
ب) الحُقّ هو التجويف الذي يستقبل رأس عظم الفخذ لتكوين مفصل الورك  
ج) الثقبة السدادية تتكوّن من العانة والإسك وتُغلق غالبًا بالغشاء السدادي  
د) عظم الورك يتكوّن من عظم واحد فقط منذ الولادة ولا توجد مراكز تعظّم منفصلة",0.8558,True
484,Anatomy,Y2,E,اجسام الخلايا للالياف الحاسيه الناقله للذوق من الثلثين الاماميين للسان توضع فى,"أ) العقدة الجناحية الحنكية
ب) االعقدة الاذينيه
ج) عقدة ثلاثى التوائم
د) العقدة تحت الفك","أ) العقدة الركبية للعصب الوجهي (Geniculate ganglion)  
ب) العقدة تحت الفك السفلي (Submandibular ganglion)  
ج) العقدة الأذنية (Otic ganglion)  
د) العقدة العلوية للعصب اللساني البلعومي (Superior ganglion of glossopharyngeal nerve)",0.8668,True
1878,Genetics,Y1,D,تبدأ جميع عديدات الببتيد في بدائيات النوى بالحمض الأميني :,"أ) الميثيونين
ب) الفينيل ألانين
ج) الميثيونين المرتبط بمجموعة الفورميل
د) A+C","أ) ميثيونين (Methionine)  
ب) فورميل-ميثيونين (N-formylmethionine, fMet)  
ج) فالين (Valine)  
د) ألانين (Alanine)",0.8776,True
554,Anatomy,Y1,A,يتوضع الثلم المهمازي على الوجه :,"أ) الأنسي
ب) الوحشي
ج) السفلي
د) لا شيء مما سبق","أ) الأنسي للفص الجبهي  
ب) الوحشي للفص الصدغي  
ج) السفلي للفص القذالي  
د) العلوي للفص الجداري",0.9178,True
259,Anatomy,Y2,E,يحتوي الجيب العجاني العميق الذكري ماعدا:,"أ) إحليل غشائي.
ب) غدة بصلية إحليلية.
ج) معصرة إحليلية.
د) عصب ظهر القضيب.","أ) العضلة المستعرضة العجانية العميقة  
ب) العضلة العاصرة الخارجية للإحليل  
ج) الغدد البصلية الإحليلية (غدد كوبر)  
د) العضلة البصلية الإسفنجية (Bulbospongiosus)",0.8691,True
2709,Physics,Y1,D,عدد الفوتونات التي يصدرها اي جسم أو يمتصها يرتبط بـ:,"أ) طبيعة ذلك الجسم
ب) عدد المستويات الطاقية فيه
ج) تغير درجة حرارة الجسم المصدر
د) كل ما سبق صحيح","أ) درجة حرارة الجسم  
ب) مساحة سطح الجسم  
ج) طول موجة/تردد الإشعاع  
د) معامل الانبعاثية (Emissivity) للمادة",0.8786,True
582,Anatomy,Y1,B,القسم الأمامي للثلم الأمامي الخلفي الأيسر للكبد يحوي,"أ) تلم الرباط المدور
ب) تلم الرباط الوريدي
ج) تلم الأجوف السفلي
د) ثلم المرارة","أ) الوريد السري (الرباط المدور للكبد)  
ب) الوريد الأجوف السفلي  
ج) المرارة  
د) القناة الصفراوية المشتركة",0.9146,True
4214,Physiology,Y1,D,ان حقن مركب الفلوريدزين يؤدي :,"أ) محاصرة مصادر الطاقة اللازمة لاعادة امتصاص الغلوكوز
ب) يخفض بشدة المقدرة القصوى لامتصاص الغلوكوز
ج) يؤدي الي ظهور بيلة غلوكوزية
د) كل ما سبق صحيح","أ) إلى تثبيط إنزيم إنولاز في مسار التحلل السكري  
ب) إلى تنشيط إنزيم كولين إستيراز وزيادة النقل العصبي الكوليني  
ج) إلى زيادة تصنيع الهيم عبر تنشيط ALA synthase  
د) إلى تثبيط إنزيم Na⁺/K⁺-ATPase وحدوث فرط بوتاسيوم الدم",0.8449,False
