id,input,prediction,ground_truth
1,"عضلات الكم المدوره للكتف

A) هى ثلاث عضلات
B) كلها تدير العضد للخارج
C) وحدة منها ترتكز على الحديبية الصغرى
D) المدورة الكبيرة اهم واحده منها",A,C
2,"دراسة وظائف العضو ووظائف الاتصال:

A) التشريح الوصفي
B) التشريح السريري
C) التشريح الفيزيولوجي
D) التشريح الجهازي",A,C
3,"مايلي صحيح عن مخاطية البوق عدا:

A) تبطن بظهارة بسيطة اسطوانية.
B) خلايا الظهارة المهدبة تضرب أهدابها باتجاه المبيض.
C) خلايا الظهارة المفرزة غير مهدبة.
D) الخاليا الوتدية cells peg تفرز غليكوبروتينات.",A,B
4,"عصب ينقل إحساس الذوق من ثلث اللسان الخلفي :

A) السابع
B) التاسع
C) العاشر
D) الخامس",A,B
5,"القناة الدافقة إختر الإجابة الخاطئة :

A) تقيس القناة الدافقة أقل من واحد سم
B) تتشكل من إتحاد البربخ مع قناة الحويصلة المنوية
C) تنقب السطح الخلفي للمثانة
D) تنفتح على الجزء الموثي من الإحليل",A,C
