id,input,prediction,ground_truth,judge_label
,ما هو العصب الذي ينقل إحساس الذوق من ثلث اللسان الخلفي؟,العصب اللساني,B,Incorrect
,ما هي القوس البيضاء عند حدود جسم الظفر مع جذره؟,الهلالة البيضاء,A,Correct
,أين يقع الخط الالوي السفلي؟,الخط الالوي السفلي,A,Incorrect
,ما هي الحافة من الفرع التي تشكل زاوية الفك السفلي؟,الفرع الصاعد,B,Incorrect
,ما هي البنية التشريحية التي تتعصب بالعصب الشظوي السطحي؟,الجلد فوق المنطقة الراسبية,E,Incorrect
,أين تشاهد الجسور بين الخلوية؟,في الخلايا الظهارية,B,Correct
,ما الذي يحول الثلمتين الاسكيتين إلى ثقبتين؟,الثلم الشلي,B,Incorrect
,ما هو الهرمون الذي يفرز PTH؟,الباراثورمون,A,Correct
,ما الذي يقع بين جسم الفقرة والقوس الفقرية؟,الثقب الفقري,C,Correct
,أين تقع المنطقة الشمية؟,الثلث العلوي من الأنف,A,Correct
,ما الذي يتصل به المدورين بالأمام في الفخذ؟,العانة,A,Correct
,أين يوجد التلم الكعبري في جسم العضد؟,الوجه الخلفي,A,Incorrect
,ما الذي تتشكل منه ضفيرة راشكوف في لب السن؟,اللييفات العصبية,C,Incorrect
,أين يقع المستقيم؟,الحوض,B,Correct
,إلى أي صنف من أصناف الغدد تنتمي حديثات المونتغمري؟,غدد عرقية متخصصة,A,Correct
,ما هو العصب المحرك لعضلات اللسان؟,العصب تحت اللسيني,C,Correct
,ما هي الضفيرة التي يتفرع منها العصب الحجابي؟,الضفيرة الجوفاء,C,Incorrect
,من أين يفرز الأدرينالين؟,الكلية,B,Incorrect
,ما هو الوريد الذي يتشكل منه الوريد الأجوف السفلي؟,الوريدان hollow,B,Incorrect
,ما هي الطبقة الأكثر تمايزاً وكثافة في الشرايين؟,الطبقة المتوسطة,B,Correct
,مما ينتج هرمون T4؟,الدرقة,C,Correct
,ما هي العضلة التي ترتكز بشكل أساسي على العظم الزورقي؟,العضلة البلعومية العلياء,B,Incorrect
,أين تقع المنطقة الشمية؟,الثلث العلوي من الأنف,A,Correct
,ما هو اسم الوسادة من النسيج الدهني فوق الارتفاق العاني؟,الوسادة الدهنية,A,Incorrect
,أين يتوضع الكولون السيني؟,اليسار من البطن,B,Correct
,ما هو القسم من العظم الجبهي الذي يفصل بين القسمين الحجاجيين من الخلف؟,الحديبة الجبهية,B,Incorrect
,ما هي الفروع الانتهائية للسبات الظاهر؟,الوجهي والبلعومي واللساني,B,Incorrect
,أين يمر عصب الفك العلوي؟,الفتحة الدوارسية,A,Incorrect
,ما هي النقطة التشريحية على الوجه السفلي لجسم العظم الوتدي؟,الثقب الوتدي,C,Incorrect
,ما اسم العظم الذي يتوضع كيس الدمع عليه؟,الجمجمة,A,Incorrect
,من أين ينشأ الشريان السباتي المشترك الأيسر؟,الثقب التاجي,A,Incorrect
,ما طول الأسهر؟,3-5 سم,A,Incorrect
,ما هو المكان الذي يعبر من خلاله الشريان السحائي الأوسط؟,الشق الطولي,C,Incorrect
,ما هي الطية الجلدية التي تغطي رأس القضيب؟,القلفة,C,Correct
,ما هي البنية التشريحية التي ترتكز على الحفرة المدورية؟,العضلة الحنكية,A,Incorrect
,أين يتوضع الدرز الأكليلي؟,الدرز الأكليلي يتوضع في الجزء السفلي من البطن، حول السرة.,A,Incorrect
,ماذا يفعل الرباط المتصالب الأمامي؟,يحد من الدوران الداخلي والتمدد الداخلي,c,Incorrect
,ما العصب القحفي الذي يعبر الثقبة البيضية؟,العصب الثلاثي التوائم,C,Incorrect
,إلى أي قصبات تتفرع القصبات الفصية؟,قصبات ثانوية,C,Correct
,أين توجد نوى الأعصاب القحفية من الثالث حتى الثاني عشر؟,في جذع الدماغ,C,Correct
,على ماذا يحتوي البلعوم الفموي من اللوزتين؟,اللوزتين الحنكيتان,C,Correct
,على أي من وجوه الكبد يوجد مسكن المرارة؟,الوجه السفلي,C,Correct
,ما هو العصب القحفي الثاني؟,العصب البصري,A,Correct
,ما وظيفة العضلة تحت الكتفية؟,استقرار مفصل الكتف,b,Incorrect
,أين تتوضع المشيمة في ارتكاز المشيمة المعيب؟,القرص الأبهي,C,Incorrect
,ما اسم الطبقة من السحايا التي تغطي الجيوب الوريدية؟,العمود الفقري,A,Incorrect
,ما هي الألياف التي تربط المراكز القشرية بالمحيط؟,الألياف piramidial,A,Correct
,ما الذي تشكله البصلة عندما تتمادى في الأمام في جسم القضيب؟,الجسم الإحليل,B,Incorrect
,ما هي أكبر غدد الجسم؟,الكلية,A,Incorrect
,ما هي الشرايين الخمسة التي يتفرع إليها الشريان الكلوي؟,الشرايين five segmental,A,Incorrect
,بماذا ينتهي الشريان الوجهي؟,الوريد الوجهي,C,Incorrect
,ما هي طبقة لب السن الأكثر عمقا والأقرب لجوهر اللب؟,اللب الرخو,B,Incorrect
,أين تقع فوهة مصب الجيب الأكليلي؟,الثني الناصي,C,Incorrect
,ما هي الزاوية الأمامية السفلية للعظم الجداري؟,الشق الصدري الأول,B,Incorrect
,أي عصب هو المحرك لعضلات اللسان؟,العصب تحت اللساني,C,Correct
,ما هو البروز العظمي الذي يحتوي عليه الوجه الداخلي لفرع الفك السفلي؟,الخط المائل,C,Incorrect
,ما هي المواد التي تفرزها الغدد استجابة للتنبيه وترحل عبر الدم؟,هرمونات,B,Correct
,ما هي الزاوية بين قبضة وجسم القص؟,90 درجة,A,Incorrect
,من أين يخرج العصب الفكي العلوي من الجمجمة؟,الفوهة الدورانية العليا,C,Incorrect
,ما الذي يحدد المنصف العلوي جانبياً؟,البلعوم,A,Incorrect
,ما هما الممران اللذان يمر عبرهما الهواء إلى جوف الأنف؟,الممران الأنفي الفموي,B,Incorrect
,أين ترتكز العضلة العريضة الظهرية؟,الخطmedium sacral,A,Incorrect
,ما هو القولون الذي يمتد بشكل أفقي؟,القولون المستعرض,C,Correct
,كم عدد القطع العصعصية في النخاع الشوكي؟,15,D,Incorrect
,ما الطبقة التي تمثلها العضلة الدافعة في المثانة؟,الطبقة العضلية,B,Incorrect
,ما هي الخلايا التي توجد في الجلد وتعمل كمستقبلات آلية حسية؟,الخلايا الميرينية,B,Incorrect
,ما اسم الكرة الصغيرة فوق قمة الغضروف؟,العضلة الأيوس,B,Incorrect
,أين لا توجد الغدد الزهمية؟,الشفاه,A,Incorrect
,ما هو العصب المسؤول عن حركات عضلات الوجه التعبيرية؟,العصب الوجهي,A,Correct
,ما هي الزاوية الخلفية السفلية في العظم الجداري؟,المنطقة الماسائية,A,Incorrect
,ما هو الاسم الآخر لفرع الفك السفلي؟,الفرع الشدقي,C,Incorrect
,ماذا يفعل الرباط المتصالب الأمامي؟,يحد من الدوران الداخلي والتمدد الداخلي,C,Incorrect
,ما هي الثقبة التي يعبر من خلالها العصب الوجهي؟,الثقبة stylomastoid,A,Correct
,ماذا تفرز خلايا بيتا في البنكرياس؟,إنسولين,B,Correct
,ما هو التامور الخارجي الذي لا يرتبط بالقلب؟,تامور خارجي غير مرتبط بالقلب,A,Incorrect
,ما هو القسم من الضلع الواقع بين الرأس والحديبة؟,الرقبة,C,Correct
,مع أي عظم يتمفصل الظنبوب في الأسفل؟,الطرقص,C,Correct
,أي من العضلات العميقة التالية للمثلث الخلفي للعنق ترتبط بحدبة الأطلس الخلفية؟,العضلة المستعرضة العليا,A,Incorrect
,ما هو التركيب الذي يتصل بالخلف مع البلعوم الفموي عبر برزخ الحلق؟,البلعوم,C,Incorrect
,ما هي البنية التي تغطي السطوح الأمامي والإنسي والوحشي للخصية؟,الطبقة الباطنية,C,Incorrect
,أين يقع موقع الغدة الدرقية؟,الرقبة,A,Correct
,أين تتوضع مستقبلات الشم؟,الغشاء المخاطي في التجويف الأنفي,C,Correct
,ما هي طبيعة هرمونات الغدة النخامية؟,بروتينية,B,Correct
,ما هو مفصل المرفق؟,مفصل ثلاثي,A,Incorrect
,ما هو المكان الذي تنشأ منه العضلة المدورة الكبيرة بشكل أساسي؟,الحواف الخارجية للحوض,A,Incorrect
,أين يتوضع الأبهر النازل البطني؟,خلف البطن,A,Incorrect
,ما الذي يجاور السطح العلوي لمثانة الرجل؟,الرحم والامعاء الغليظة,A,Incorrect
,ما هي عضلة الشهيق الرئيسية؟,الحوض,A,Incorrect
,ما هو ترتيب دخول التراكيب إلى سرة الكلية من الخلف للأمام؟,الوريد، الشريان، البيلة,C,Correct
,أين تشاهد التلمة الكعبرية للزند؟,الوجه الداخلي,C,Incorrect
,أين تتوضع الثقبة العوراء في اللسان؟,خلف الكلم الإنتهائي,A,Incorrect
,ما هو أطول أجزاء الأنبوب الهضمي؟,الامعاء الدقيقة,A,Correct
,ما هو ترتيب العضلات من الأعلى للأسفل على الناحية الخلفية للألية؟,العضلة اللفائفية - العضلة قطنية الصغرى - العضلة قطنية الكبرى,A,Incorrect
,ما هي الطبقة المبطنة للتامور الليفي؟,الطبقة البريتونية,B,Incorrect
,ما هو أطول أجزاء أنبوب الهضم؟,الSmall Intestine,B,Correct
,ما هو الهرمون الذي يسرع عملية تصنيع الأحماض الدهنية من الغلوكوز في الخلايا الشحمية؟,هرمون الأنسولين,B,Correct
,ما هو الرباط الذي يربط الرحم بجدران الحوض الجانبية؟,الرباط الحوضي,C,Incorrect
,ما هو لون لب الكظر؟,أصفر,A,Correct
,ما الذي يشكل معظم الكتلة العضلية للسان؟,العضلات الداخلية,A,Correct
,ما هي أصغر الحليمات الذوقية وأكثرها عدداً؟,حليمات ذوقية فطرية,A,Incorrect
,ما هي العضلات الطويلة التي تربط الفقرات مع بعضها؟,العضلات الطويلة للعمود الفقري,B,Incorrect
,ما هو أضيق قسم في جذع الدماغ؟,الفتق,C,Incorrect
,أين يقع التلفيف خلف المركزي؟,الLOBUL,B,Incorrect
,ما هي الباحة التي يحويها التلفيف خلف المركزي؟,الباحة الجبهية قبل المركزية,A,Incorrect
,ما هي أصغر الحليمات الذوقية وأكثرها عدداً؟,حليمات ذوقية فطرية,A,Incorrect
,ما هي المجموعة العضلية التي تنتمي إليها العضلة الحرقفية؟,العضلات الحوضية,A,Incorrect
,ما هو القسم المسؤول عن تنظيم الفعالية الحياتية الذاتية؟,الدماغ المتوسط,A,Incorrect
,ما هي المادة شبيهة بالهلام التي تشغل أربعة أخماس المقلة؟,الزجاجية,B,Correct
,أين تقع أجسام العصبونات التي تفرز الهرمون المضاد للإدرار ADH؟,الهلوسة,B,Incorrect
,ما هي العضلات التي لها منشأ عظمي وترتكز على باطن جلد الوجه؟,عضلات تعبيرية,B,Correct
,ما هو مصدر التروية الرئيسية للمعدة؟,الشريان المعدي الأيسر,B,Correct
,ما هي أطول أجزاء أنبوب الهضم؟,الصائم,B,Correct
,من أين ينشأ الجذع الرئوي؟,البطين الأيمن,A,Correct
,ما هو اسم المنعكس الذي يحدث عند رفع الخصية والصفن للأعلى؟,المنعكس الإربية,B,Incorrect
,ما هو العظم الذي يحتوي على تلم في وجهه السفلي لمرور وتر الشظية الطويلة؟,الظنبوب,A,Incorrect
,ما هي المنطقة المتوسطة من نواحي البطن؟,المنطقة الأُmbilical,C,Correct
,ما الذي يصل بين الأذينة اليسرى والبطين الأيسر؟,الثقب الأوري,B,Incorrect
,ما الذي يعطي الرباط الحرقفي القطني منشأ له؟,الحوض,A,Incorrect
,ماذا يحفز ACTH إفرازه؟,CRH,B,Incorrect
,ما هو أكثر أقسام الإحليل قابلية للتمدد وأعرضها؟,الجزء الإسفنجي,A,Incorrect
,مما يتكون الزنار الحوضي؟,"الزنار الحوضي يتكون من:
- الزنار الحوضي العلوي (الزنار الحوضي الداخلي)
- الزنار الحوضي السفلي (الزنار الحوضي الخارجي)
- الرباط العاني الحوضي",A,Incorrect
,أين تقع الباحة الحركية الأولية؟,الفتق الجبهي السفلي,B,Incorrect
,ما هي العضلة المسؤولة عن قبض الفخذ وقبض الساق؟,العضلة الرباعية الفخذية,A,Incorrect
,أين تتوضع الغدة تحت الطية اللسانية؟,تحت اللسان,C,Incorrect
,أين يتوضع السرج التركي؟,في قاعدة الجمجمة,B,Correct
,ما هو القسم مع الضلع الواقع بين الرأس والحدبية؟,الحديب,C,Incorrect
,كم عدد شدف النخاع الشوكي؟,ثلاثة,A,Incorrect
,ما هي العضلة الموسعة المسؤولة عن فتح الحنجرة؟,العضلة الحنجارية posteriores,B,Correct
,ما يُدعى القسم العلوي المتسع من الحالب؟,اللبب,A,Incorrect
,أين توجد نقطة التعظم البدئية في لوح الكتف؟,الثلث العلوي من الحافة اللاصقة,B,Incorrect
,ما هو الشريان الذي يستمر به الشريان تحت الترقوة؟,الشريان axillary,A,Correct
,ما هو الشريان الذي يمكن الشعور بنبضه عند الحافة السفلية للفك السفلي أمام العضلة الماضغة؟,الشريان الفكي السفلي,B,Incorrect
,ما هو الشريان الذي يعتبر الشريان المخي الخلفي فرعاً منه؟,القلسية,A,Incorrect
,ما هو أكبر أعضاء الجسم وزناً ومساحة؟,الجلد,B,Correct
,ما الذي يشكله نصفا الكرة المخية مع الدماغ البيني؟,الدماغ الأمامي,A,Correct
,ما هو اسم الحافة اليسرى للمعدة التي تمتد من الفؤاد إلى البواب؟,المنعطف الأكبر,C,Incorrect
,ما هو مصدر نشأة الشريان الشوكي الأمامي؟,الجزء السفلي للشرايين الدماغية الخلفية,A,Incorrect
,أين يقع الثرب الصغير؟,في الفص الجداري الأيمن,A,Incorrect
,أين تقع صفيحة الأكيمات؟,الثلث الخلفي لللسان,A,Incorrect
,ما هي الباحة التي يحويها التلفيف خلف المركزي؟,الباحة الجبهية قبل المركزية,A,Incorrect
,ما هي الألياف التي تربط المراكز القشرية بالمحيط؟,الألياف piramidial,A,Correct
,ما نوع المفصل الحلقي الطرجهالي؟,مفصل ثابت,B,Incorrect
,ما هو رقم العصب الحركي للعضلات الماضغة؟,خمس,B,Incorrect
,كم عدد فصيصات الخصية؟,250,A,Incorrect
,أين ترتكز العضلة الأخمعية الخلفية بوتر رقيق؟,الغضروف الدوار,A,Incorrect
,أين يتوضع الثلم المهمازي؟,على السطح السفلي لللسان,A,Incorrect
,ما هي المنطقة التي يقع بينها القسيم العضلي (sarcomere)؟,"الخط ز
(الخطات Z)",D,Correct
,ما الذي تنتجه الخلايا المجاورة للجريبات في الدرق؟,كولودين,C,Incorrect
,ما الذي تتحول إليه الوحيدات Monocytes بعد مغادرتها الدوران؟,خلايا متغصنة,A,Incorrect
,ما هو الشريان الذي ينتهي به الشريان الوجهي؟,الشريان اللامي,C,Incorrect
,أين يتوضع الثلم المهمازي؟,على السطح السفلي لللسان,A,Incorrect
,ما هو العصب القحفي الذي يحمل التعصيب نظير الودي للقلب؟,العصب المبهم الأيسر,C,Correct
,ما هي العضلة التي يمر العصب تحت اللساني في الناحية تحت الفك عميقاً منها؟,العضلة هالوكس,E,Incorrect
,تحت أي قسم من أقسام التشريح يندرج التنبيب الرغامي؟,التشريح المجهري,C,Incorrect
,ما هي العظام التي يتشكل منها مفصل الركبة؟,عظم الفخذ، عظم الساق، رضفة,A,Correct
,ما هي الحركة الخاصة بالساعد؟,دوران,A,Incorrect
,ما الذي يحويه القسم الأمامي للثلم الأمامي الخلفي الأيسر للكبد؟,الوريد البابي,B,Incorrect
,ماذا تشكل الصفيحتان السفليتان للشفرين الصغيرين عند اتحادهما؟,القلفة,A,Correct
,ما هي الانطباعات التي توجد على العظم الجداري؟,الانطباعات من الشرايين والوريد الصاجي,B,Incorrect
,ما هو العصب الحركي للعضلات الماضغة؟,العصب الماضغ,B,Incorrect
,أين يقع الشق الحجاجي السفلي؟,في جدار الحجاج السفلي,A,Correct
,ما هو العضو المتخصص بتشكيل الصوت والتدخل بالدور في الكلام؟,الحبل الصوتي,B,Correct
,ما هي حركة الركبة للخلف بمستوى سهمي؟,انثني,A,Incorrect
,ما هو العصب القحفي المتواسط بإفراز الغدد الدمعية واللعابية؟,العصب الوجهي,A,Correct
,أين تتوضع الصفيحة الأفقية للعظم الغربالي؟,أعلى العظم الغربالي,C,Incorrect
,ما هو لون لب الكظر؟,أصفر,A,Correct
,ما هو وجه العظم الجبهي الذي ينتمي للقحف العصبي؟,الخارجي,B,Incorrect
,ما هو لون لب الكظر؟,أصفر,A,Correct
,ما هي اللفافة التي تحيط بجسم القضيب؟,اللفافة السفنية,A,Incorrect
,ما هي العضلة التي تعد من العضلات الوحشية للساق وقد تعد من العضلات الأمامية للساق؟,العضلة الباسطة للسبابة,C,Incorrect
,ما هو أول ما يتأثر من الخلايا الكبدية في حالة الإصابة بنقص الأكسجة؟,الخلايا الكبدية حول الصمايد,B,Correct
,ما هي العضلات الطويلة التي تربط الفقرات مع بعضها؟,العضلات الطويلة للعمود الفقري,B,Incorrect
,ما هي الطية الجلدية التي تغطي رأس القضيب؟,القلفة,C,Correct
,من أين يتفرع الشريان الأكليلي الأيمن والأيسر؟,الشريان الأبهري,A,Incorrect
,متى ينشأ برزخ الأبهر؟,في الأسبوع الرابع,C,Incorrect
,ما هو أصغر الفروع الأمامية للأبهر البطني؟,الشرايين القاصية السفلى,C,Incorrect
,ما هي الألياف التي تربط التلافيف والفصوص في نصف كرة مخية واحد؟,الألياف الشوكية,B,Incorrect
,ما هي ميزابة النبض بين أوتار العضلات؟,الرباط,A,Incorrect
,ما هو الوريد السطحي الذي يشكل الابطي؟,الازيج,A,Incorrect
,ماذا تفرز الخلايا ألفا في البنكرياس؟,غلوكاجون,A,Correct
,ما هو اسم أعمق الانخفاضات في الصيوان؟,الثقب الصمامي,A,Incorrect
,ما هي وظيفة هرمون الغدة جار الدرقية PTH؟,زيادة كسر العظام,A,Incorrect
,ما الذي يمتد من المنخر حتى المنعر؟,الجهاز التنفسي,C,Incorrect
,ما الذي يقع بين جسم الفقرة والقوس الفقرية؟,الثقب الفقري,C,Correct
,أين تتوضع الطية المخملة؟,الثلث السفلي من البطن,B,Incorrect
,ما هو الهرمون الذي يفرز PTH؟,الباراثورمون,A,Correct
,ما هو الهرمون الذي يسرع عملية تصنيع الأحماض الدهنية من الغلوكوز في الخلايا الشحمية؟,هرمون الأنسولين,B,Correct
,ما هي العضلات التي تعمل على توازن الرأس على الجذع؟,العضلات الرافعة للرقبة,C,Incorrect
,من أين يخرج العصب الوجهي من الجمجمة؟,الفتحة stylomastoid,A,Correct
,ما الذي يتصل به المدورين بالخلف في الفخذ؟,العجز,B,Incorrect
,أين يدخل الحالبان المثانة؟,الثلاثية الحالبية,A,Incorrect
,ما هي الباحة المسؤولة عن حركات العين؟,الباحة الحركية للعين,D,Correct
,ما هو الشريان الذي ينشأ منه الجذع المشترك للشريان بين العظمين؟,الشريان الفقي,A,Incorrect
,ما هو وجه عظم الترقوة الذي عليه ميزابة طولانية؟,الوجه العلوي,B,Incorrect
,من أين يفرز الغلوكاغون؟,الخلايا ألفا في جزر لانغرهانز,B,Correct
,ما هي الطبقة المبطنة للتامور الليفي؟,الطبقة البريتونية,B,Incorrect
,ما هو معنى التوسع في نهاية الأسهر؟,توسع الأسهر النهائي,A,Correct
,كم عدد فقرات الجزء الصدري من العمود الفقري؟,12,B,Correct
,من أين ينتج هرمون الأستروجين؟,المراض التائية,B,Incorrect
,ما هي الفروع الانتهائية للسباني الخارجي؟,الشرايين اللعابية والوجهية,C,Incorrect
,ما هو مصدر التعصيب الحركي لعضلات الظهر العميقة؟,الفرع الدارج من العصب الشوكي,B,Correct
,ما هو الجيب الوريدي الذي يصب في الوريد الوداجي الباطن؟,الازوج الوريدي,C,Incorrect
,أين يتوضع العظم الكتفي؟,في الجزء العلوي من thorax,A,Incorrect
,ما هي المنطقة الأعمق في الغدة الكظرية؟,النخامية,A,Incorrect
,ما الذي يقع بين النواة العدسية من جهة والنواة والمهاد من الجهة الأخرى؟,الزائدة قبل المهاد,C,Incorrect
,ما الذي ينفتح على القرين الأنفي العلوي؟,الجيوب الأنفية الأمامية,A,Incorrect
,أين يمكن إجراء الحقن العضلي في القسم العلوي؟,الوريد الناصي,B,Incorrect
,أين تتوضع الاحدوبة الدالية في العضد؟,الوجه الخلفي,B,Incorrect
,ما هو أكبر الجيوب جانب الأنف؟,الجيوب الجبهية,A,Incorrect
,ما هو العصب المحرك لعضلات اللسان؟,العصب تحت اللسيني,C,Correct
,ما الذي يتوضع تحت الخط الضرسي اللامي؟,الفرج,C,Incorrect
,ما هي الطبقة المحيطة بالقلب والمرتبطة به؟,التمعدة,C,Incorrect
,ما هو الشريان الذي ينشأ منه الشريان الزاوي؟,الشريان الأبهري,A,Incorrect
,ما هو تشكل الوريد المأبضي؟,تكوين الوريد المأبضي,A,Correct
,ما هي المنطقة الأعمق في قشر الكظر؟,القشرة الكظرية,C,Incorrect
,أين يقع التلم الوحشي؟,في الفص الصدفي,A,Incorrect
,أين يصب الوريد الكلوي؟,الوريد الأجوف السفلي,C,Correct
,أين ترتكز العضلة المدورة الصغيرة؟,الكتف,e,Incorrect
,ما هو الجزء من البلعوم الذي يتبعه الردب الكمثري؟,البلعوم السفلي,C,Correct
,كم عدد الأعصاب القحفية؟,12,B,Correct
,أين تتوضع نواة العصب العاشر؟,المدولة,B,Correct
,ما هو العنصر الذي يجاور الرغامي من الخلف؟,اللسان,C,Incorrect
,ما هو العصب القحفي الذي يجتاز النفق الصدري؟,العصب vagus,B,Incorrect
,ما هو العظم الأضخم في هيكل القدم؟,الضرس,B,Incorrect
,أين يوجد النفير البلعومي السمعي؟,في جدار الفarynx الخلفي,C,Incorrect
,ما الذي يحد فتحة وينسلو من الأسفل؟,اللسان,B,Incorrect
,ما يُسمى الوجه الأمامي للوح الكتف؟,الوجه الأمامي,C,Incorrect
,ما هو الشريان الذي يروي القولون الصاعد؟,الشرية الكولونية اليمنى,C,Correct
,ما هي الطية الجلدية التي تغطي رأس القضيب؟,القلفة,C,Correct
,ما يُدعى القسم العلوي المتسع من الحالب؟,اللبب,C,Incorrect
,ما هي المنطقة الفاصلة بين الطيتين الصوتيين؟,الفرج الصوتي,C,Correct
,ما هي الطبقة من الكظر التي تتألف من حبال مقوسة من خلايا عمودية متقاربة؟,الليدية,A,Incorrect
,ما هي الخلايا التي تتوضع في اللحمة بين النبيبات؟,الخلايا النجمية,B,Incorrect
,ما هو السطح الخلفي للفخذ تحت المدور الكبير؟,المنطقة الفخذي الخلفية,B,Incorrect
,ما الذي يحويه القسم الأمامي للثلم الأمامي الخلفي الأيسر للكبد؟,الوريد البابي,B,Incorrect
,ما هو الشريان الذي يروي معظم الوجه الوحشي للمخ؟,الشريان المخي الأوسط,B,Correct
,ما هي المنطقة الفاصلة بين الطيتين الصوتيين؟,الفرج الصوتي,C,Correct
,ما هو العصب القحفي الذي يعبر الثقبة البيضية؟,العصب الثلاثي التوائم,C,Correct
,ما هو الهرمون الذي يسبب دفقه الشديد حدوث عملية الإباضة؟,هرمون اللوتينيز,A,Correct
,ما هو الهرمون الذي يستهدف الدرق ويحفز إفراز الهرمون الدرقي؟,هرمون محفز الدرق,C,Correct
,ما هي أكبر عقدة مفردة من النسيج اللمفاوي؟,العقدة اللمفاوية العاجية,B,Incorrect
,ما هي العضلة الرئيسية المسؤولة عن قبض المرفق؟,الثنية الباسطة,A,Incorrect
,ما هي التراكيب التي توجد على حافتي اللسان وتحوي براعم ذوقية كثيرة؟,الزغابات,C,Incorrect
,ما هي الشعيرات الدموية التي تغلفها محفظة بومان؟,شعيرات دموية مجففة,B,Incorrect
,ما هي الحافة من الفرع التي تشكل زاوية الفك السفلي؟,الفرع الصاعد,B,Incorrect
,ما الذي تغلفه العضلة البصلية الإسفنجية؟,الأعصاب,C,Incorrect
,من أين يخرج العصب الشوكي؟,من الثقب بين الفقرات,A,Correct
,ما هي الألياف التي تعصب العضلة مصرة الحدقة؟,الألياف الباراسمبثاوية,B,Correct
,ما هو البطين الذي يحويه الدماغ البيني داخله؟,البطين الثالث,C,Correct
,ما الذي يشغل الجزء العلوي من قبة القحف؟,الدماغ,A,Correct
,ما هو العصب الذي يعصب الغدة النكفية؟,العصب اللسفي,C,Incorrect
,من أين يخرج العصب تحت اللساني؟,الثقبة تحت اللسانية,A,Correct
,ما هي الخلايا البالعة الكبدية؟,خلايا كوبفر,C,Correct
,أين يصب الوريد الصافن الكبير (الأنسي)؟,الوريد الأجوف السفلي,A,Incorrect
,ما هو الشريان الذي يستمر به الريان تحت الترقوة؟,الريان المحي,A,Incorrect
,ما تُدعى الردب بين عنق الرحم والمهبل؟,الردب المهبلي,C,Incorrect
,في أي مستوى من الفقرات الصدرية يتم التمفصل بين قبضة وجسم القص؟,T2,C,Correct
,ما هو الرباط الذي يربط الرحم بجدران الحوض الجانبية؟,الرباط الحوضي,C,Incorrect
,ما هي العضلة التي تنشأ من الشوكة الحرقفية الأمامية العلوية وترتكز انسي الظنبوب؟,العضلة الإليوبسواس,C,Incorrect
,ما هي الطبقة البطانية الرحمية التي تتعرض إلى تغيرات ملحوظة أثناء الدورة الشهرية؟,الطبقة الوظيفية,A,Correct
,ما هو موقع مستقبلات الضغط المسؤولة عن المنعكس القلبي التثبيطي؟,الأورطي,B,Incorrect
,ما هو أكبر أعضاء الجسم وزناً ومساحة؟,الجلد,B,Correct
,ما هي البنية الأكثر علواً في جذر الرئة اليسرى؟,الشرايين الرئوية,A,Incorrect
,ما هو المكان الذي يعبر من خلاله الشريان السحاني الأوسط؟,الشق السيلاوي,C,Incorrect
,ما هو الجوف الهوائي الذي يحوي عظيمات السمع؟,الجوف الصخري,C,Incorrect
,ما هي وظيفة النهايات العصبية الحرة الواردة ضمن ألياف العضلة القلبية؟,إحساس بالألم,C,Correct
,ما هي الخلايا التي تخزن فيتامين A في الكبد؟,خلايا إستر,B,Incorrect
,من أين يحمل الشريان الرئوي الدم غير المؤكسج؟,من البطين الأيمن,C,Correct
,ما هو العصب القحفي الثاني؟,العصب البصري,A,Correct
,ما هو العظم الذي تنتمي إليه الثلمة الاسكية الصغيرة؟,الحوض,B,Incorrect
,ما هو الغضروف المرتبط مع الحلقة الرغامية الأولى؟,الغضروف الحنكى,A,Incorrect
,ما هو المفصل الذي يتألف من سطحين كل منهما محدب في اتجاه ومقعر في اتجاه آخر؟,مفصل السرج,A,Correct
,ما هو أكبر أعصاب الجسم؟,العصب السيني,D,Incorrect
,كم عدد العضلات بين العظمية الأخمصية؟,ثلاثة,A,Incorrect
,أين ينتهي الأبهر النازل؟,الفتق الأبهري,C,Incorrect
,ما هي المراكز المسؤولة عن تنسيق الفعالية الحركية وضمان الثباتية؟,المراكز الباسوية,A,Incorrect
,ما هو وجه العظم الجبهي الذي ينتمي للقحف العصبي؟,الخارجي,B,Incorrect
,أين ينفتح الجيب الفكي؟,في التجويف الأنفي عبر الفوهة الفكية.,C,Correct
,ما هو أكبر أقسام المعثكلة؟,اللبّ,A,Incorrect
,ما هي الحدود التشريحية للحجرة الخلفية للعين؟,الحدقة، القزحية، الجسم الهلالي,A,Incorrect
,أين ترتكز العضلة الشظوية القصيرة؟,الضلع الثاني,A,Incorrect
,ما هي المنطقة في الحنجرة التي تشمل الطيتين الصوتيتين والمسافة بينهما؟,المنطقة الصوتية,A,Correct
,أين تقع الوهدة في البلعوم؟,البلعوم اللسوي,B,Incorrect
,ما هي الغدة التي تتوضع تحت الطية اللسانية؟,غدة سبلينال,C,Incorrect
,ما هو العصب الذي ينتقل عبره الحس غير العام (حس الذوق) من الثلث الأمامي للسان؟,العصب الوجهي,A,Correct
,ماذا يروي المساريقي العلوي؟,الثلث العلوي من المستقيم,A,Incorrect
,ما هي المنطقة الأعمق من قشر الكظر؟,القشرة الكظرية,C,Incorrect
,ما هي الفقرة التي تحتوي على ثقبة فقرية كبيرة ومثلثية الشكل؟,C2,A,Incorrect
,ما هو لون قشر الكظر؟,أصفر,C,Incorrect
,ما هو النسيج الضام الليفي الذي يرتكز حول السطوح المفصلية؟,غشاء المفصل,A,Incorrect
,كم عدد شدف النخاع الشوكي؟,ثلاثة,A,Incorrect
,ما هو التصريف اللمفاوي للثلث الخلفي للسان؟,العقد اللمفاوية العمودية,E,Incorrect
,ما هي الغدة التي تقوم بإفراز الميلاتونين؟,الغدة الصنوبرية,C,Correct
,ما هو الشريان الذي له انطباعات على الوجه الداخلي للعظم الصدغي وهو فرع من أي شريان؟,فرع من الشريان السباتي الداخلي,A,Incorrect
,ما هو التصنيف الذي يمكننا من معرفة العضلات التي تشارك في كل مرحلة مفصلية وتطبيق ذلك أثناء الفحص؟,التصنيف الوظيفي,A,Incorrect
,ما هي الشرايين التي تسير بين الفصوص بإتجاه القشرة على كل جانب من جانبي الهرم الكلوي؟,الشرايين القشرية بين الفصية,B,Incorrect
,ما هو الدواء الأمثل لبدء التخدير لمريض مصاب بنزف حاد؟,كيتامين,E,Correct
,ما هو المخدر الذي يتميز بالمباشرة والصحو السريعين؟,بروفوكاين,E,Incorrect
,ما هو الدواء الأمثل لبدء التخدير لمريض مصاب بنزف رضي حاد؟,كيتامين,C,Correct
,ما هو المرخي العضلي الأمثل لتسهيل تنبيب مريض ذي خطورة عالية للاستنشاق؟,روكورونيوم,A,Incorrect
,ما هو الترياق المناسب للتسمم بالمورفين؟,نالوكسون,A,Correct
,ما الذي يشير إليه بقاء عيني المريض مفتوحتين مع رأرأة خفيفة وحركات غير هادفة بعد إعطائه جرعة من الكيتامين؟,تخدير غير كافي,E,Incorrect
,ما هو الدواء المنتخب للإرخاء العضلي والتنبيب لمريض يعاني من قصور كلوي ويحتاج لعملية إسعافية؟,بروميد باسكلين,C,Incorrect
,ما هو المرخي العضلي المفضل استعماله لمريض سيخضع لجراحة إسعافية ويعاني من قصور كلوي؟,بانتوبrazol,B,Incorrect
,ماذا يفكك الببسين؟,البروتينات,B,Correct
,ما التعبير الصحيح لوصف جزيئات الإيثين في تفاعل تشكيل البولي إيثين؟,مونومير,A,Correct
,ماذا يسبب عوز إنزيم البيروفات كيناز؟,فقر دم نقيفي,A,Correct
,ماذا ندعو آلية تفاعل الكلور مع البروبان في ضوء الشمس لإنتاج 1-كلورو بروبان؟,تحلل هالي,B,Incorrect
,ما هي الاسطوانات المنحنية التي تكون سهلة التمييز لمحتواها الكاسر للضوء؟,الاستطارات المنحنية للعضلات,B,Incorrect
,ما هي الحموض الأمينية المشحونة سلبياً؟,حموض أمينية حمضية,B,Correct
,ما هي أعراض عوز فيتامين البيوتين؟,تقرحات الفم,D,Incorrect
,ما هي مفرزات الصفراء؟,أملاح الصفراء,C,Correct
,ما هي خصائص الشجرة الوراثية لخلة متنحية جسدية فيها الأبوين مصابين؟,نصف طبيعي,B,Incorrect
,ما هي النواتج المتشكلة عند تفاعل معدن الصوديوم مع الإيثانول؟,إيثوكسيد الصوديوم وإيثان,A,Incorrect
,ما هي خصائص أنزيم RNA Polymerase؟,خصائص انزيم RNA Polymerase,A,Incorrect
,ما هو النكليوتيد في جزيء DNA؟,مونوفوسفات النوكليوزيد,A,Correct
,ما هو فيتامين البيوتين؟,فيتامين ب7,B,Correct
,ما هي حالة عدم تحمل اللاكتوز؟,عدم تحمل اللاكتوز,B,Incorrect
,ما هو اسم الاستر المتشكل عندما يتفاعل الميتانول مع حمض البوتانوئيك بوجود بضع قطرات من حمض الكبريت المركز؟,بوتانوات الميثيل,B,Correct
,ما هو سبب الوفاة لدى مرض التلاسيميا؟,عدم التوازن في إنتاج سلسلة ألفا من الهيموغلوبين,C,Incorrect
,ما هي الصبغيات التي يوجد فيها الكروماتين المغاير؟,الصبغي Y,A,Incorrect
,ما المركب الذي ينقص منه نتيجة التأخر في فصل البلازما أو المصل من الكريات في الدم؟,كالسيوم,D,Incorrect
,ما هو المركب الذي يستخدم كزمرة ملحقة لجميع الإنزيمات الناقلة الزمرة الأمين؟,بيريدوكسال فوسفات,C,Correct
,ما هو العلاج الثاني لمرض الثلاسيميا بيتا؟,العلاج بالترانسفューزون,D,Incorrect
,ما هو الاضطراب الذي يتميز بفرط شديد في بيليروبين المصل غير المرتبط وعوز جزئي في UDPGT؟,متلازمة كريلفلج,C,Incorrect
,ما هو سبب الوفاة لدى مرضى التلاسيميا؟,عدم التوازن في الحديد,C,Incorrect
,ماذا يسبب عوز الثيامين الشديد؟,مرض البري بري,D,Correct
,كم يبلغ عدد الجينات التي تشفر لجزيئات الرنا الأصغري miRNAs في مجين الإنسان؟,1044,C,Incorrect
,أين يتم اصطناع الدقائق الكيلوسية؟,في الشبكة الإندوبلازمية,D,Incorrect
,ما هو الإنزيم الذي يتم بوساطته ربط شدف أوكازاكي؟,ليجاز شدف,B,Correct
,ما هو أكثر الأنزيمات فعالية تحفيزية في جسم الإنسان؟,كربوكسيببتيداز A,B,Incorrect
,ما هو الشكل الفعال لفيتامين B6؟,بيريدوكسال فوسفات,C,Correct
,ما هو الموقع الطبيعي للجين الورمي ABL؟,كروموسوم 9,B,Correct
,كم عدد طبقات الفوسفولبيد في المذيلة؟,اثنتان,C,Incorrect
,ما هو التركيب الذي يدخل فيه الكولاجين 4؟,الطبقة القاعدية,B,Correct
,ما الذي تؤدي إليه استلة الهيستونات؟,تفعيل النسخ,A,Incorrect
,ما هي الخصائص التي تتميز بها شجرة النسب الحاوية على حالة وراثة متعلقة بالمتقدرات والأم فقط فيها مصابة؟,ميتوكوندريا,C,Incorrect
,ما هو الحمض الأميني الذي تتم أستلة الهستونات له؟,حمض أميني 1,C,Incorrect
,ما هي المكونات التي تتألف منها الفوسفولبيدات بالإضافة إلى حمضين دسمين والفوسفات؟,مجموعة نيتروجينية,D,Incorrect
,ما هي الوظيفة الوحيدة لسيغما في إنزيم بوليمراز RNA البكتيري؟,البدء,D,Correct
,ما هي الأجزاء التي تتبادل بينها الإشارات الجزيئية التي يعتمد عليها ضبط النظام الخلوي الجذعي؟,الخلايا الجذعية,C,Incorrect
,ما تدعى البروتينات المشكلة لمعقدات الثقوب النووية؟,بروتينات نوكليروبورين,D,Correct
,كيف تتم إزالة المتقدرات الحاوية على طفرات بالية؟,الخلايا المتعدية,B,Incorrect
,ما هو عامل الإطلاق في حقيقيات النوى؟,البروتين G,C,Incorrect
,ما هي الروابط التي تربط سلسلتي عديدي النكليوتيد مع بعضهما البعض؟,روابط هيدروجينية,C,Correct
,ما هي خصائص الشجرة الوراثية لخلة متنحية فيها الأبوين مصابين؟,لا توجد,D,Incorrect
,ما هو أكبر مستوى من المستويات التراتبية للحياة؟,البيوسفير,B,Correct
,ما هو الحمض الأميني الذي تبدأ به جميع عديدات الببتيد في بدائيات النوى؟,ميثيونين,B,Incorrect
,ما الذي يدل عليه تقدير نسبة تنوع النمط الظاهري لخلة ما بسبب الاختلافات الجينية؟,الوراثة,A,Correct
,ما هي الآلية التي تضمن للخلية الجذعية استمرارها إلى ما لا نهاية؟,التناسق الذاتي,C,Incorrect
,ما هو الحمض الأميني الذي نتج عن ترجمة أول جزيء رنا مرسال صنعي؟,النيوفوريل ألانين,C,Incorrect
,ما هي الإنزيمات التي تقوم القلنسوة بحماية سلسلة الرنا من التدرك بها؟,بروتينات R,C,Incorrect
,ما هو مقدار المادة الوراثية التي يتشاركها أقرباء من الدرجة الثانية مع المستلفت؟,12.5%,D,Correct
,أين يلتحم الغشاءان النوويان؟,الغشاء الداخلي,B,Incorrect
,ما هي النتائج المتوقعة في حال إصابة أب بصفة تخضع لوراثة متنحية مرتبطة بالصبغي X؟,"كل بنات المصاب مصابات
كل أبناء المصاب حاملون
50% من بناتهن مصابات
50% من بناتهن حاملات",D,Incorrect
,ما هي النظرية التي تفسر ظهور المتقدرات والصانعات بإدخال جراثيم داخل الخلايا تقوم بالفسفرة والتركيب الضوئي؟,نظريّة الصendorf,A,Incorrect
,ماذا يسبب وجود الألائل السائد في الأنماط الجينية المختلفة التالية RRYY و RrYy و RRYy و RrYY؟,الكلوريميا,A,Incorrect
,ما هو المكان الذي توجد فيه أكبر نسبة للبروتينات في أغشية خلايا الجسم؟,الميتوكوندريا,B,Incorrect
,ما هو المسؤول عن إزالة مشراع الرنا قرب انتهاء تنسخ الدنا واستبدالها بنكليوتيدات الدنا؟,ريبونوكلياز H,A,Correct
,ما الذي ترتبط به الصبيغيات الشقيقة على أنيبيبات مغزل الانقسام؟,السينترومير,C,Correct
,ما المميز بشجرة النسب الحاوية على حالة وراثة متعلقة بالمتقدرات والتي تكون فيها الأم فقط مصابة؟,الآباء غير مصابون,C,Incorrect
,ما هو الاختلاف بين الانترونات والاكسونات؟,الانترونات لا ترمز إلى بروتينات بينما الاكسونات ترمز إلى بروتينات,D,Correct
,ما الذي تمثله الخطوط الأفقية التي ترسم أعلى الدوائر والمربعات في شجرة النسب؟,الآباء,C,Incorrect
,علام تحتوي الخلايا التي يعبر عنها مصطلح الهيولي المتغايرة؟,الليزوسومات,A,Incorrect
,ما هي الطرق التي يمكن من خلالها تمييز الصبغيات بعضها عن بعض؟,"الصبغيات
الصبغيات
الصبغيات
الصبغيات
الصبغيات
الصبغيات
الصبغيات
الصبغيات
الصبغيات
الصبغيات
الصبغيات
الصبغيات
الصبغيات
الصبغيات
الصبغيات
الصبغيات
الصبغيات
الصبغيات
الصبغيات
الصبغيات
الصبغيات
الصبغيات
الصبغيات
الصبغيات
الصبغيات
الصبغ",C,Incorrect
,ما هو التعبير الذي يُستخدم للطاقة الكامنة المختزنة في مدروج للشحنات الكهربائية؟,طاقة كهربائية,A,Incorrect
,ما الذي تتشكل منه الأرجل الصفائحية؟,الطبلة,A,Incorrect
,ما هي الرابطة في البنية الثانوية للحمض النووي؟,رابطة هيدروجينية,B,Correct
,ما نوع الجينات التي تعد جينات الرنا الريباسي منها؟,جينات الرنا الناضج,A,Incorrect
,ما هو عدد الصبغيات المأشوبة إذا حدث تأشيب في 80 انقسام؟,160,A,Incorrect
,ما هي العملية التي يتم بها تكوين متعضية تشبه الأبوين من بيضة مخصبة؟,التطور الجنيني,A,Incorrect
,على من يظهر الاحلال الوراثي في الوراثة الجنسية المناحية؟,الذكور,C,Correct
,ما هو المجهر الذي يدرس السطح الطبوغرافي؟,المجهر الضوئي,A,Incorrect
,ما هي البنى السيتوبلازمية المغلفة بغشاء واحد على الأقل؟,البراغشيات,B,Incorrect
,ما هي خصائص شجرة النسب الحاوية على حالة وراثة متعلقة بالمتقدرات والوالدين فيها مصابين؟,شجرة النسب الحاوية على حالة وراثة متعلقة بالمتقدرات والوالدين فيها مصابين,C,Incorrect
,ما الذي تختلف به الأحماض الأمينية عن بعضها؟,سلسلة الجانب,B,Correct
,ما الذي يشير إليه المربع الصغير المملوء في شجرة الوراثة؟,الأنثى المتأثرة,C,Incorrect
,ما هو سبب حدوث التلاسيميا بيتا؟,عدم إنتاج سلسلة بيتا من الهيموغلوبين,B,Correct
,ماذا يؤدي وجود التربتوفان في مشغل التيربتوفان؟,إيقاف النسخ,A,Correct
,ما الذي تساعد عليه حلقة الأكتين المتقلصة؟,انقباض العضلات,B,Incorrect
,ما الذي يدل عليه المعين في شجرة النسب؟,أب غير مؤكد,A,Incorrect
,كم عدد الجينات المسؤولة عن الاصطناع الحيوي للحمض الأميني التربتوفان في جينوم بكتيريا E.Coli؟,5,D,Incorrect
,ما هي وظيفة حويصلات كوب ٢؟,إفراز المخاط,B,Incorrect
,ما هو معدل الحاملين في مجتمع إذا كان انتشار مرض التالاسيميا معروفاً في ذلك المجتمع؟,تواتر حاملات التالاسيميا,C,Incorrect
,أين تجري عملية التمثيل الضوئي؟,البلاستيدات الخضراء,B,Correct
,ماذا يحدث عند انخفاض نسبة الكوليسترول في الغشاء الخلوي؟,زيادة نفاذية الغشاء,C,Correct
,أين يتحد الغشاءان النوويان الداخلي والخارجي؟,الثقوب النووية,A,Correct
,كم عدد القواعد الآزوتية اللازمة لإنتاج بروتين الأنسولين المكوّن من 51 حمض أميني إنتاجاً كاملاً؟,153,D,Correct
,ما هي الترسبات الصباغية التي تحوي بروتين الفيرتين؟,حبيبات الهيموسيديرين,D,Correct
,ما هو أول عنصر من عناصر الدراسة العلمية المنهجية؟,الملاحظة,D,Incorrect
,ماذا تشير النجمة بعد رمز الجين؟,الترميز للبروتين,B,Incorrect
,ما يُعرف بامتصاص بعض المواد الضوء بطول موجة ومن ثم إصداره بطول موجة أطول؟,الفلورية,B,Correct
,ما يُدعى نوع وترتيب الأحماض الأمينية في البروتين؟,ترتيب الببتيد,A,Incorrect
,ماذا ينتج عند حدوث خلل في تنظيم السبيل الإشاري WNT؟,سرطان القولون,B,Incorrect
,ما هي الشعبة التي ينتمي إليها الإنسان؟,ثدييات,B,Incorrect
,ما هي نتيجة التطور التي تؤدي إلى التكيف؟,التكيف,B,Incorrect
,أين تكثر جزر CpG؟,جزر CpG,C,Incorrect
,ما هو الأساس الأزوتي المتمم للتايمين في الرنا؟,الأوراسيل,B,Correct
,ما هو الموقع الذي يبدأ فيه انتساخ الجينات المرمزة للبروتينات بارتباط انزيم الرنا بوليميراز؟,البروموتر,B,Correct
,أين تقع الجينات المسؤولة عن الزمر الدموية عند البشر؟,كروموسوم 9,B,Correct
,ما هو الدور الرئيسي في تعرف جسيم التضفير مواقع التضفير؟,تعديل الرنا,D,Incorrect
,ما هي الصبغيات التي يحدث بينها إزفاء متبادل في حالة ابيضاض الدم النقوي المزمن CML؟,صبغيات فيلادلفيا,D,Incorrect
,ما هو عدد الأنماط الظاهرية المختلفة في الجيل الثاني في حال التفارز المستقل بين المورثتين A و B؟,9,D,Incorrect
,ما هو عدد الأنماط الجينية في أعراس فرد متغاير الأليلات AB/ab إذا كان الارتباط بين المورثتين A و B كاملاً؟,2,B,Incorrect
,ما نوع الوراثة التي يكون فيها والدا الطفل المصاب حاملين متغايري الألائل عديمين الأمراض؟,وراثة سائدة غير كاملة,A,Incorrect
,ما هو نمط هذا المرض إذا عانى فرد متخالف الألائل من أعراض مرض وكان موضع الجين على الصبغي 5؟,الاستسقاء,B,Incorrect
,ما هو خطر إصابة الطفل بالورم التليفي العصبي في الحمل التالي لأم مصابة أنجبت ذكرًا مصابًا بالمرض علمًا أن زوجها سليم؟,25%,C,Correct
,ما هو الاحتمال الأول لطراز انتقال هذا المرض الوراثي عندما ينجب أبوان سليمان طفلين (ذكر وأنثى) مصابين بمرض استقلابي بدأت تظاهراته مبكراً؟,وراثي جسمي متنحي,B,Correct
,ما هو القانون الذي ينص على أن زاوية الورود تساوي زاوية الانعكاس؟,قانون الانعكاس,A,Correct
,ما هي الصيغة التي تعطينا التفاصيل الأقل والنسبة الأبسط للذرات الموجودة في الجزيء؟,صيغة التجريدية,B,Incorrect
,ما هو الذي يعطي لأشعة جاما مصدرا آخر للأشعة السينية التي يمكن أن تكون مفيدة وطاقتها قريبة من طاقة أشعة جاما الأصلية بحيث يمكن عدهما أشعة واحدة؟,الترميز,B,Incorrect
,ما هو التواتر المناسب للأمواج التي يمكن استخدامها للكشف عن المواد غير المرئية بالنسبة للتواتر 500GHz؟,100GHz,A,Incorrect
,ما هو المجال الذي تكون فيه الأمواج تحت الصوتية أصغر منه؟,المجال القريب,A,Incorrect
,ما هو المقدار الذي يتزايد لدى انتثار فوتون عن الكترون بمفعول كومتون؟,الزاوية,B,Incorrect
,ما الذي يعبر عن شدة الموجة الصوتية؟,الضغط الصوتي,C,Incorrect
,ما هي خصائص الأشعة السينية؟,لا ترى بالعين المجردة، لها تأثير كيميائي، لها تأثير بيولوجي، لها تأثير إيوني، لها تأثير مغناطيسي، لها تأثير حراري,A,Incorrect
,ما هي القوة التي تحدث تشوهاً في الجسم وتكون مطبقة على وحدة السطح؟,الضغط,B,Correct
,ماذا تعتبر درجة حرارة النواة والغلاف في جسم الإنسان؟,ثابتة,B,Incorrect
,ما هو ثابت التناسب بين تدرج السرعة؟,تدرج السرعة,B,Incorrect
,ما هو الناتج عندما تتفاعل الألدهيدات مع NaBH5؟,الكلوريد,C,Incorrect
,ما هي الطريقة التي يجري بها التبادل الحراري بين الجسم والوسط المحيط؟,التبادل الحراري,A,Incorrect
,ما هو المعيار الذي يستخدمه العلماء لحساب الكتل الذرية النسبية؟,الكربون-12,C,Correct
,ما هي الوحدة التي يقاس بها الضغط في إطار السيارة في الولايات المتحدة؟,باوند لكل بوصة مربعة,A,Correct
,ما هو القانون الذي ينص على أن تغير الحقل المغنطيسي يولد حقلا كهربائيا؟,قانون فاراداي,D,Correct
,ما هو وصف جريان المائع المستقر من ناحية سرعته في أي نقطة منه مع الزمن؟,ثابت,D,Correct
,ما هي المادة التي تتخذ شكل أسفل الوعاء الذي يحتويها ولها حجم خاص بها؟,مادة ذات حجم ثابت وشكل متغير,A,Correct
,ما تسمى القوى عندما يكون عمر الحالة المثارة طويلا؟,الانتقال الإشعاعي,C,Incorrect
,ما هو الذي يعطى لأشعة غاما مصدراً آخر للأشعة السينية التي يمكن أن تكون مفيدة وطاقتها قريبة من طاقة أشعة غاما الأصلية بحيث يمكن الحصول على أشعة واحدة؟,المواد المشعة,B,Incorrect
,ما نوع الكثافة التي تعتبر منها العظام ومستحضرات التباين العائمة مثل اليود والباريوم؟,كثافة عالية,C,Incorrect
,ما هي طبيعة الأشعة السينية؟,أشعة كهرومغناطيسية,D,Correct
,ما هو مجموع الكتل الذرية النسبية في مركب أيوني؟,كتلة الصيغة,B,Incorrect
,أين يقع مجال التيراهرتز؟,بين الميكروويف والأشعة تحت الحمراء,A,Correct
,لماذا يُستخدم الماء في درجة معينة كمادة مرجعية للوزن النوعي؟,الوزن النوعي للماء في درجة حرارة 4°C,B,Incorrect
,ما هي مكونات صمام الأشعة السينية؟,العضلة اللعابية والجلد والعضلات,D,Incorrect
,ما الذي تتعلق به الطاقة التي يصدرها الجسم الأسود وفقاً لدراسة تغير تابع إشعاع الجسم الأسود؟,طول الموجة,C,Incorrect
,ما هي قوة اللزوجة بالنسبة لاتجاه جريان المائع؟,مقاومة,A,Incorrect
,ما هي الطاقة التي يمكن بها تفكيك رابطة في خلايا النسج؟,طاقة تنشيط,C,Incorrect
,ما يجب أن يكون عليه ضغط الهواء داخل القاعة في حالة الثوران بالنسبة لضغط الماء خارجها حيث تتوازن قوة الضغط نحو الخارج مع قوة التوتر السطحي نحو الداخل؟,ضغط جوي,B,Incorrect
,ما هو المجال الموجي لأشعة UVC؟,100-280 نانومتر,C,Correct
,ما هي طبيعة الارتباط بين قرينة الانكسار لوسط مادي معين وسرعة الأمواج في ذلك الوسط؟,عكسية,C,Correct
,ما هي الخاصية التي يميزها التواتر والطول الموجي؟,الموج,A,Incorrect
,ما هي الطاقة التي تحملها الموجة في وحدة الزمن؟,القدرة,D,Correct
,ما هي قابلية العين التي تسمح بالمطابقة لكل أبعاد الجسم عن العين مع الاستمرار بتشكيل خيال على بعد ثابت من العدسة يتحدد بالفاصل بين العدسة والشبكية؟,الاكومودا,C,Correct
,كيف يؤثر الضغط على توازن التفاعلات التي تكون متفاعلاتها ومنتجاتها؟,ضغط,C,Incorrect
,ما هو التواتر في حالة الأمواج الصوتية؟,التردد,A,Correct
,ما هو شكل الطاقة التي تصدرها أجسامنا حتى في درجات الحرارة العادية؟,الطاقة الحرارية,B,Correct
,ما هي التحولات التي تحافظ على العدد الكتلي؟,تفاعلات نووية,B,Incorrect
,ما هو القانون الذي يربط بين معدل الجريان الحجمي في وعاء دموي من جهة وفارق الضغط بين طرفي الوعاء ونصف قطره الداخلي وطوله ولزوجة الدم؟,قانون بوازيه,A,Correct
,ما نوع الجريان عندما تكون سرعة المائع في أي نقطة منه ثابتة مع مرور الزمن؟,جريان لامي,B,Incorrect
,ما هي آلية انتقال الحرارة في الموائع؟,الحمل,B,Correct
,ما هي صفات الخيال في المصورات ذات الثقب؟,حقيقية ومقلوبة,C,Incorrect
,ما هي العلاقة التناسبية لقرينة الانكسار لأي وسط معين؟,نسبية سرعة الضوء في الفراغ إلى سرعة الضوء في ذلك الوسط,A,Correct
,ما هي الأشعة التي حققت حلم الإنسان القديم في رؤية داخل الجسم من دون بضع؟,الأشعة السينية,D,Correct
,ما هو المركب الذي يتشكل من تفاعل حمض الآزوت المركز بوجود حمض الكبريت المركز مع نترو البنزين؟,2-نيتروفينول,B,Incorrect
,ما هي التبادلات التي تجري بين الجسم الصلب والمانع المتحرك الذي يختلف عنه في درجة الحرارة؟,تبادل حراري,B,Correct
,ما هي وظيفة الحقل الكهربائي في الأفران الكروية؟,تكوين العظام,A,Incorrect
,ما هي طبيعة الإشعاعات الكهرومغناطيسية؟,أيونية,C,Incorrect
,ما هو التفاعل الذي تخضع له هالوجينات الألكانات بالقلويات؟,تفاعل الإزالة,A,Correct
,ما هي استخدامات الليزر الصباغي؟,علاج الشامات والولامات,B,Incorrect
,ماذا تصدر النظائر المشعة في التصوير بالأصدر البوزتروني؟,فوتونات غاما,D,Correct
,ما هي الأشعة التي ساهمت في تقدم علم البلورات؟,أشعة إكس,D,Correct
,ما الذي يتم التحكم في ارتفاع النهاية المدببة للحفاظ عليه عندما نمسح سطح المعدن في مجهر STM؟,جهد العازلة,B,Incorrect
,ما هو معدل الإشعاع من سطح إلى معدل الإشعاع من مساحة مساوية من سطح مشع مثالي في درجة الحرارة نفسها؟,"العدد
العدد",A,Incorrect
,ما هي الجزئيات التي يمكن الاستفادة من تفاعلها في التصوير؟,الضوء الشاهر,A,Incorrect
,ما هو الوسط الذي تكون فيه كثافة الأيونات الموجبة والسالبة أكبر من كثافة الأيونات المعتدلة؟,البلازما,B,Correct
,ما هو الإجراء المستخدم للاطمئنان على صحة الجنين عند المرأة الحامل؟,التربيص,A,Incorrect
,ما يُدعى الضغط الذي يسببه عمود من الزئبق ارتفاعه 1 مم؟,طور الزئبق,A,Incorrect
,ما هي الظاهرة التي تنقسم فيها نواة ذات عدد كتلي كبير إلى نواتين أو أكثر لكل منهما عدد كتلي متوسط؟,الانشطار النووي,B,Correct
,ما هو مجال الأشعة الذي يشع فيه جسم الإنسان بشكل قريب جداً من إشعاع الجسم الأسود؟,الإنفرا حمر,A,Correct
,ما هي الأشعة التي اشتهرت بانتزاع جزيئات الماء لدى تفاعلها مع النسج؟,أشعة بيتا,A,Incorrect
,ما هي الظاهرة التي تنقسم فيها نواة ذات عدد كتلي كبير إلى نواتين أو أكثر لكل منهما عدد كتلي متوسط؟,الانشطار النووي,B,Correct
,ما هي طريقة العلاج الفيزيائي التي تستعمل فيها تيارات كهربائية عالية التردد لإحداث الحرارة في الأنسجة العميقة؟,العلاج بالتيارات الكهربائية عالية التردد,B,Correct
,كيف تتولد الأشعة السينية؟,توليد الأشعة السينية,C,Incorrect
,ما هو الأساس الذي تترتب وفقه العناصر في الجدول الدوري حالياً؟,العدد الذري,B,Correct
,ما هو الشرط الذي يجب أن تحققه النقطتان لتطبيق معادلة برنولي على جريان أي مائع مثالي؟,نقاط على طول خط تدفق واحد,A,Correct
,ما هي الأمواج التي تستخدم في تفتيت الحصى؟,الأمواج الصادمة,A,Correct
,ما هو المجهر الذي يمسح العينة نقطة فنقطة ولكنه يكشف عن الالكترونات النافذة؟,المجهر الإلكتروني الماسح,D,Incorrect
,من أين تشتق قوة المقاومة من اللزوجة عندما تكون السرعة النسبية بين الجسم والمائع كافية لأن يكون الجريان حول الجسم رقائقياً؟,السطح,B,Incorrect
,ما هي الرابطة التي تبقى صلبة دائماً؟,الرباط الشوكي,A,Incorrect
,كم عدد العدسات في مجهر SEM؟,عدسة واحدة,B,Incorrect
,ما هي الحالة التي تتولد فيها الأمواج الصادمة بالنسبة لسرعة منبع الأمواج الصوتية؟,السرعة الفوق صوتية,B,Correct
,ما هو العدد النيوكلوني في نواة ذرة ما؟,عدد النيوترونات,D,Incorrect
,ما هو سبب تخامد الأشعة السينية في الجسم المدروس؟,العدد الذري,B,Incorrect
,ما يُستخدم لقياس درجة التشوه؟,مقياس تشوه,B,Incorrect
,ما هي الوحدة التي يقيسها الروتنجن؟,الجرعة الممتصة,B,Incorrect
,ما تتألف منه الحلقة البنزنية؟,ستة ذرات كربون,D,Correct
,ماذا يشير انزياح الضوء من المجرات البعيدة نحو الترددات الأخفض؟,انزياح إلى الأحمر,B,Correct
,ما هي الوحدة التي يقيسها الرونتجن؟,جول لكل كجم,B,Incorrect
,ما هي النظائر؟,أشكال مختلفة من العنصر نفسه,D,Correct
,ما هي زاوية الورود التي يكون الضوء المنعكس عندها مستقطبا كليا؟,زاوية برستر,B,Correct
,كيف يمكن توليد الأمواج فوق الصوتية؟,باستخدام تأثير البيزوإلكتريك,D,Correct
,أين تشكل العين مديدة البصر (العين الطامسة) خيال الجسم القريب؟,على الشبكية,B,Incorrect
,ما هو الاضطراب الذي يمثل هذه الحالة؟,الاضطراب هو فرط نشاط الغدة الدرقية.,B,Incorrect
,متى يأخذ احتمال وجود الالكترون قيمة عظمى في الحالة الأساسية في ذرة هيدروجين؟,في حالة الأساس,B,Incorrect
,ما ينص عليه قانون الانعكاس الأول؟,زاوية السقوط تساوي زاوية الانعكاس,C,Correct
,ما هو الانفعال في حالة التشوه التحددي أو الانضغاطي؟,تقلص بطيني مبكر,A,Incorrect
,ما هو وزن الحجم المنغمس من الجسم عندما يكون الجسم مغموساً وليس مغموراً كلياً نتيجة كون كثافة المائع أكبر من كثافة الجسم؟,وزن الشدة,B,Incorrect
,ما اسم الجهاز الذي يصور مقاطع في الجسم البشري بالأشعة السينية والاستعانة بالحاسب؟,التصوير المقطعي المحوسب,B,Correct
,ما هو العنصر الأكثر استخداماً في التصوير بالتجاوب المغناطيسي؟,البروم,B,Incorrect
,ما هو سبب تخامد الأشعة السينية في الجسم المدروس؟,العدد الذري,B,Incorrect
,ما هي الخطوة الأولى في التفاعلات؟,تفاعل إنزيم-ركيزة,A,Incorrect
,ماذا يزداد عندما ترتد الفوتونات التي تعبر الثقب في الحجرة عن الجدران مرات عديدة قبل أن تغادر؟,الضوضاء,D,Incorrect
,كيف تعمل الحزم الإلكترونية على معالجة الأورام؟,إشعاع أيوني,A,Incorrect
,ما هو السبب وراء تكرار الطراز (الدورية في الجدول الدوري) الناجم عن ترتيب العناصر؟,ترتيب إلكترونات التملؤ,B,Correct
,ما هو المركب الذي يتشكل عند أكسدة الكيلات البنزن (مثل ميتيل البنزن) ببرمنغنات البوتاسيوم (VII) القلوية أو بأي مؤكسد قوي آخر؟,حمض بنزويك,D,Correct
,ما هي النوى التي لها عدد N ثابت حيث تحوي العدد نفسه من النترونات؟,نوى نظائر,A,Incorrect
,ماذا يحدث إذا كانت الحقول الكهربائية لمنبع الأمواج الكهرطيسية لها اتجاهات عشوائية عند انتشاره؟,مستقطب جزئيا,B,Correct
,ما هو التفاعل الذي تخضع له الألكانات مع الهالوجينات في ضوء الشمس؟,حلوجنة,A,Correct
,ما هو الشيء الذي تهتز حوله الذرتان في الجزيء ثنائي الذرة؟,المركز,B,Incorrect
,ما هي البنية لأكسيد المغنزيوم؟,أيونية,B,Incorrect
,ماذا يزداد عندما ترتد الفوتونات التي تعبر الثقب في الحجرة عن الجدران مرات عديدة قبل أن تغادر؟,الضوضاء,D,Incorrect
,ما هي وحدة قياس الجرعة المكافئة للإشعاع؟,سيفرت,B,Correct
,ما هي طريقة التصوير التي يمكن اعتبارها الأقل ضرراً على الجسم؟,التصوير بالرنين المغناطيسي,A,Incorrect
,ما هي أعمار النصف للنظائر المشعة المستخدمة في تقنية الـ PET؟,قصيرة,B,Incorrect
,ما هي المماكبات (الإيزوميرات)؟,مواد كيميائية,D,Incorrect
,ما هو القانون الذي تمثل معادلة برنولي المطبقة على جريان المائع أحد أشكال انحفاظه؟,انحفاظ الطاقة,A,Correct
,ماذا يستخدم قانون ستوكس لقياسه؟,سرعة ترسيب الكريات الحمراء,A,Correct
,ما هو العلم الذي يقوم بحساب البعد بين الذرات عند معرفة الطول الموجي للأشعة السينية وقياس الزاوية؟,البلورغرافيا,B,Incorrect
,ما هي الأوساط التي تنتشر فيها الأمواج العرضانية؟,وسائط صلبة,B,Correct
,ما هي الخصائص التي تتمتع بها حزمة الفوتونات من أشعة X عالية الطاقة والتي تجعلها تستخدم في الطب النووي عند المعالجة عن بعد؟,الخصائص المميزة,A,Incorrect
,ما هو القانون الذي ينص على أن تشوه مادة يتناسب طرديا مع القوى التي تحدث التشوه؟,قانون هوك,B,Correct
,علام نعتمد لتفسير لثنائية الإصدار في طيف بخار الصوديوم؟,تأثير ستوكس,A,Incorrect
,ما هي المعادلة التي تعبر عن انخفاض الطاقة في الموائع؟,معادلة برنولي,A,Correct
,متى يحدث تفاعل اشعاع الليزر مع النسج؟,عند امتصاص,A,Correct
,ما هي البنية التي تأخذها الشبكات الأيونية لكلوريد الصوديوم وأكسيد المغنزيوم؟,بنية بلورية,B,Incorrect
,ما هو العمل الذي يقوم به المائع على المائع الذي يتقدمه في وحدة الجريان؟,ضغط,B,Incorrect
,ما هي الكمية الوسطية للأوزون في الغلاف الجوي؟,2-8 جزء في المليون,C,Incorrect
,ما هو النكليد الإشعاعي المماكب الذي يشيع استخدامه في التشخيص الطبي؟,تكنيسيوم-99m,A,Correct
,كيف يتغير نصف القطر الذري عبر الدور الثالث من اليسار إلى اليمين؟,يتناقص,A,Correct
,إذا كان الإشعاع وحيد الطول الموجي فمن أي نوع من الفوتونات يكون مؤلفاً؟,فوتونات,A,Incorrect
,ما هي الأمواج الميكانيكية التي تنشأ عن الوحدات المحركة في الألياف ولا تدركها الأذن؟,الرنين العضلي,C,Incorrect
,ما هو مصدر العنصر المشع الذي يعطى للمريض عند استخدام تقنية التصوير SPECT؟,تكنيسيوم-99m,B,Correct
,ما نوع الصورة التي نحصل عليها في التصوير الومضاني للجزء المصور من جسم المريض؟,تصوير ثلاثي الأبعاد,A,Incorrect
,إذا تضيق قطر الشريان إلى ثلث قيمته الأصلية عند مريض مصاب بمرض وعائي وقلبي وبقي هبوط الضغط فيه على حاله، إلى كم ينخفض معدل جريان الدم؟,90%,B,Incorrect
,ما هي السكريات التي لا تحتاج أثناء امتصاصها من الأمعاء الدقيقة لوجود الصوديوم؟,سكريات نشطة,B,Incorrect
,ما هو الأنزيم المعوي الذي يحول مولد التربسين إلى تربسين؟,انتروكيناز,A,Correct
,ما هو العامل الهرموني الذي يحرض إفراز عصارة بنكرياسية غنية بالإنزيمات الهاضمة؟,سكرتين,A,Incorrect
,ما هو الإنزيم الذي يفكك سكر اللبن (اللاكتوز) إلى غلوكوز وغالاكتوز؟,لاكتاز,D,Correct
,ما هو مستودع الصفراء خارج أوقات الهضم والذي يعمل على تكثيفها؟,المرارة,D,Correct
,ما هي الشوارد التي يكون تركيزها أقل في اللعاب منه في البلازما؟,كالسيوم وبوتاسيوم,B,Incorrect
,ما هو الهرمون الذي يحفز إفراز عصارة بنكرياسية غنية بالأنزيمات الهاضمة؟,كوليسيتوكينين,B,Correct
,ما هو السكر الذي لا يحتاج للصوديوم من أجل عملية امتصاصه؟,الفركتوز,C,Correct
,ما هو الناقل العصبي الذي يتحرر من العصبونات بعد العقدة في القسم الودي؟,نورإبينفرين,D,Correct
,ما الذي يحدد نمط استجابة العضو المعصب بواسطة الجهاز العصبي المستقل (استثارة أو تثبيط)؟,نوع مستقبلات العضو,D,Correct
,ما هو الناقل الكيميائي الذي تحرره جميع العصبونات قبل العقدة؟,أسيتيل كولين,A,Correct
,ما هو الناقل العصبي الذي يتحرر من طرفيات جميع الألياف اللاودية بعد العقدية؟,نورإبينفرين,A,Incorrect
,ما هي الميزة التي تتمتع بها قنوات IF في النسيج العقدي القلبي التي تمكنها من توليد التنبيه عفوياً؟,التميز الذاتي,A,Correct
,ما هي الفائدة الوظيفية من التأخير الزمني في كمون الفعل لمدة 0.1 ثانية عند مروره في العقدة الأذينية البطينية؟,تأخير انتقال الإشارات العصبية,A,Incorrect
,ماذا يحدث للبطينات في حال توقف العقدة الجيبية الأذينية عن العمل؟,تقلع,B,Incorrect
,ما هو سبب ظهور طور الهضبة في كامن فعل العضلة القلبية؟,إغلاق الصمامات,A,Incorrect
,ما هو سبب طور الهضبة في كمون عمل الليف العضلي القلبي؟,فتح قنوات الكالسيوم البطيئة,B,Correct
,ما هي المناطق التي تطبق عليها المعالجة الإشعاعية في علاج أورام الخصية من النمط المنوي؟,الابهر والايليا والاحليل,B,Incorrect
,ما هي الأورام التي لا تعتبر المعالجة الشعاعية معالجة شافية لها إذا استخدمت لوحدها في المراحل المبكرة؟,سرطانات الجلد,C,Incorrect
,ما هي الجرعة الكلية الموصى بها في حال تقرر إجراء تشعيع وقائي للقحف بجرعة ٢ غري في كل جلسة؟,6 جلاسات,C,Incorrect
,ما هو الزمن الأقل الفاصل بين كل جلستين عند إجراء المعالجة الشعاعية بطريق التجزئة المفرطة؟,7 أيام,E,Incorrect
,ما الذي يحول مولد الببسين إلى ببسين؟,حمض الهيدروكلوريك,A,Correct
,ما هو سبب حدوث عمى ربعي علوي أيمن مماثل؟,نخامة بصيلة داخل الفص الصدغي الأيسر,A,Incorrect
,ما هي المدة الزمنية التي يتطور خلالها الصداع المزمن؟,ثلاثة أشهر,C,Correct
,ما هو نوع الصداع غير النابض ثنائي الجانب الذي قد يرتبط بتشنج عضلات الرقبة؟,صداع التوتر,C,Correct
,أين يحدث التكيس للجيارديا اللمبلية؟,الامعاء الدقيقة,D,Incorrect
,ما هي الذبابة ذهبية العيون Chrysop ثوي ناقل له؟,اليرقات,C,Incorrect
,ما هي الفترة الزمنية الذي تظهر فيها إيجابية اختبار سابين فيلدمان بعد العدوى به؟,10-14 يوم,B,Incorrect
,ما الذي تنتهي به المرحلة الخارج خلوية للمتصورات؟,الانقسام الثنائي,A,Incorrect
,أين تتكاثر خبيطيات الفخرية البنكروفتية؟,اللمفاويات,C,Incorrect
,ما هو المرض الذي يستخدم عقار melarsporol في علاجه؟,البرو,D,Incorrect
,ما هو الخمج الطفيلي الذي يمكن أن ينتقل من شخص لآخر؟,الديدان المفلطحة,D,Incorrect
,ما هي أفضل أماكن الخزع التشخيصية القندية في جسم الإنسان؟,المنطقة السداسية,B,Incorrect
,ما هو المسبب لداء هجرة اليرقات الجلدي؟,اليرقات,B,Incorrect
,ما هو العلاج المناسب للمتحولة العصبية naegleria fowleri؟,ميبندازول,C,Incorrect
,أين تتوضع يرقات الأسطوانية الوعائية عند الإنسان؟,الشرايين الرئوية,D,Correct
,ما هو الشكل المعدي للإنسان من متفرعة الخصية الصينية؟,الشكل المعدي,B,Incorrect
,أين تتوضع الأسطوانية البرازية عند الإنسان؟,في جدار الأمعاء,B,Incorrect
,ما هو العصب الذي يصاب في متلازمة قاع الحجاج؟,العصب الوجهي,C,Incorrect
,ما هو تعريف الحول المتقارب؟,انحراف العينين نحو الداخل,D,Correct
,ما هي أسباب حدوث فيض الدمع Epiphora؟,"تضيق القنوات الدمعية
عدم تناسق فتحات القنوات الدمعية
العدوى
الانسدادات
الانحراف الأنفي الداخلي",D,Incorrect
,أين تقع حفيرة البكرة في الجدار العلوي للحجاج؟,في الجزء الأمامي من الجدار العلوي للحجاج، بالقرب من الخط المتوسط.,B,Incorrect
,ما هي النسبة التي تشكلها القرنية من سطح غلاف كرة العين الليفي؟,1/6,E,Correct
,ما هو أكثر تنكسات القرنية شيوعاً؟,كeratoconus,B,Incorrect
,ما هي الحالات التي تشاهد فيها الرؤية المزدوجة الأحادية الجانب؟,الشلل الدوار,B,Incorrect
,ما هو المرض الذي يشاهد فيه حلقة كاي زر- فليشر عند المرضى؟,داء ليمفوماتوس,C,Incorrect
,ما الذي يجب فعله في الحالات المعندة وغير المستجيبة للعلاج في الورم الكاذب للحجاج؟,الجراحة,D,Incorrect
,ما هي النتائج التي تؤدي إليها إصابة الشعبة العينية من العصب الخامس في متلازمة الشق الحجاجي العلوي؟,فقدان الحساسية في منطقة العين و الجبين و الجفون و الأنف و الأجزاء المجاورة,A,Correct
,ما هو التشخيص الأقرب لمريض عمره 65 سنة لديه فقد رؤية في النصف العلوي من الساحة البصرية مع بدء مفاجئ؟,انصمام الشريان retinal,C,Incorrect
,ما الذي يدل عليه ظهور تقبب على شكل حويصل أسود في قعر القرحة القرنية الجرثومية؟,تخثر دموي,D,Incorrect
,ما هي الطريقة التالية لتقدير حدة البصر لدى المريض إذا لم يتمكن من قراءة أكبر أحرف اللوحة؟,استخدام أحرف أصغر,A,Incorrect
,ما الذي يشكو منه المريض في الحول الشللي عند البالغين؟,ضعف في الحركة,B,Incorrect
,متى ينعدم يوروبيلينوجين البول؟,في نقص الكريات البيض,C,Incorrect
,في الاحتباس الصفراوي ما هو الانزيم الأفضل للوصول للتشخيص؟,الفا جلوتاميل ترانسفيراز,A,Correct
,ما هي نتيجة رحلان البروتينات في الالتهابات الحادة؟,ألفا 1-جلوبولين,B,Incorrect
,ما هو المركب الذي يتم اصطناعه بدءا من الحموض الأمينية؟,البروتينات,B,Incorrect
,ما هي أعراض فقر الدم بعوز الحديد عند المريض؟,تعب، شحوب، ضيق في التنفس,B,Incorrect
,ما هي الحالة التي تعاني منها مريضة عمرها 44 سنة تشكو من تعب عام وكانت قيمة البولة الدموية 140 ملغ/دل وقيمة الكرياتنين 6 ملغ/دل وحمض البول 4 ملغ/دل؟,فشل كلوي مزمن,B,Correct
,ما هو سبب تشمع الكبد عند مريض عمره 12 سنة؟,تليف كيسي,B,Incorrect
,ما هو الاحتمال الأكثر ترجيحاً لسبب تشمع الكبد عند مريض عمره 12 سنة؟,ألمبياسيا,C,Incorrect
,ما هو تصنيف مريض عنده الغلوكوز 210 ملغ / دل؟,مريض سكري,B,Incorrect
,ما هو تصنيف مريض تم تحليل الغلوكوز الصيامي له فكانت النتيجة 128 ملغ/دل؟,مسبق للسكري,B,Incorrect
,ما هو المركب الذي يعتبر ايتلين ديامين تترا استات مركباً لاقطاً له؟,إديتات ثنائي الصوديوم,C,Incorrect
,ما هو المركب الذي يستخدم في تدبير حمى البحر الأبيض المتوسط؟,كولشيسين,B,Correct
,ما هو النمط التحسسي الذي يعود إليه داء الفقاع المحرض دوائياً؟,النمط الرابع,B,Incorrect
,ما هي آلية تأثير المركب دابيريدامول؟,مثبط إعادة امتصاص الأدينوسين,A,Correct
,"ما هي جرعة الدواء عند طفل وزنه 17,5 كغ إذا كانت جرعة البالغ 100 ملغ؟",17.5 ملغ,C,Incorrect
,ما هو معدل التصفية الكلوية للكرياتينين عند رجل عمره 40 سنة ومستوى كرياتينين الدم 1 ملغ/دل ووزنه 72 كغ؟,100 مل/دقيقة,B,Incorrect
,ما هي الخلايا التي تقوم بإفراز بروتين برفورين الذي يفتح ثقوب في غشاء الخلية الهدف؟,الخلايا الطبيعية القاتلة,B,Correct
,كيف يتأثر الغاز كلما زاد وزنه الجزيئي؟,يقل انتشاره,B,Correct
,ما هو المبدأ الأساسي للتشتت؟,انتشار الحرارة,B,Incorrect
,ما هو العامل الذي يسرع العامل السابع تشكله؟,تثليج البلازما,B,Incorrect
,ما هو السائل الموجود داخل الخلايا؟,سائل خلوي,C,Correct
,ما هي مقدرة شخص على إدراك منبهين لمسيين مطبقين على منطقة من سطح الجسم على أنهما منفصلان؟,الحس الثنائي,B,Correct
,ما هو سبب عدم قدرة ألياف الجهاز العصبي المركزي على التجدد؟,عدم وجود الخلايا الدبقية الميسخة,C,Incorrect
,ما هو المجال الذي تكون فيه النسخ السيتولوجية شفافة نسبياً؟,المنطقة تحت الباسيتية,B,Incorrect
,ما هو العامل الرئيسي الذي يحدد ارتباط الأكسجين بخضاب الدم؟,ضغط جزئي للأكسجين,A,Correct
,ما الذي يؤدي إليه العامل ٣ مع الكالسيوم؟,تخثر,B,Incorrect
,متى يزداد الانحلال في التلاسيميا؟,في فترة الالتهابات,A,Incorrect
,ما هو الفيتامين الأساسي في عملية تشكيل عوامل التخثر؟,فيتامين ك,D,Correct
,ما هو المستوى من الفيزيولوجيا الذي تنتمي إليه دراسة آلية وتوليد ونقل كوامن الفعل في القلب؟,فيزيولوجيا القلب,B,Incorrect
,أين توجد المستقبلات النيكوتينية؟,في الوصل العصبي العضلي,D,Incorrect
,ما الذي تعتمد عليه سرعة انتشار الأوكسجين عبر غشاء الخلية؟,تدرج التركيز,B,Incorrect
,ماذا يحدث عندما يصل التيروكسين إلى المستوى الدوراني المطلوب؟,تثبيط إفراز تيترويد ستيمولاتين هرمون,C,Correct
,ما هي الوظيفة الرئيسية للعقدة الأذينية البطينية في الحالات السوية؟,توصيل الإشارات الكهربائية,A,Correct
,ما هي العوامل التي تحرض إفراز عصارة بنكرياسية غنية بالإنزيمات؟,السكرتين,A,Incorrect
,أين يتم إعادة امتصاص القسم الأعظم من الماء المرتشح؟,الامعاء الدقيقة,A,Incorrect
,ما هو سبب الصوت الأول للقلب؟,إغلاق الصمامات الأذينية البطينية,C,Correct
,ما هي الخلايا التي تمتلك أسرع معدل لزوال الاستقطاب؟,خلايا البايسال,A,Incorrect
,ما هو الذي وظيفته تسريع عملية تشكل الترومبوبلاستين الصفيحي؟,عامل تجلط الدم الثالث,C,Incorrect
,ما الذي يعمل على تسهيل الانتقال بين الشهيق والزفير؟,العضلة الهلالية,D,Incorrect
,ما الذي يزداد في الأسناخ الرئوية؟,التباين,B,Incorrect
,ما يعرف بالموجهة الجسدية؟,التوجيه الجسدي,C,Incorrect
,ما هي العقدة الرأسية للجهاز العصبي المستقل؟,العقد الشوكية,C,Incorrect
,ما هي المحطة الرئيسية الدماغية التي تتكامل فيها وظائف الجهاز العصبي المستقل مع وظائف البنى العصبية الأخرى؟,الدماغ المتوسط,D,Incorrect
,ما هو الناقل العصبي المحرر من طرفيات الألياف بعد العقدية في القسم الودي؟,نورإبينفرين,C,Correct
,ما هو الدور المهم الذي تؤديه خلايا سيرتولي في الخصية؟,دعم الخلايا الجرثومية,B,Correct
,ما هو الذي يروي النسيج الضام للرئة؟,الشرايين bronchiale,C,Correct
,ما هي البوابات التي تتحكم بنفوذية القنوات للشوارد التي تسهم في تشكيل كامن الفعل؟,البوابات الصماء,D,Incorrect
,ما هي أجهزة التحكم والضبط والمراقبة في الجسم؟,جهاز العصبي,C,Incorrect
,ما هي المواد التي تحررها نهايات المحاوير العصبية في المشابك والموصلات المشبكية؟,المواد الكيميائية,A,Correct
,ماذا ينقل الترانسفيرين؟,حديد,B,Correct
,ما هو الإحساس الذي يمكن أن يُدرك كلياً في المهاد؟,اللمس,A,Incorrect
,أين توجد المستقبلات المسكارينية؟,العضلات الملساء,C,Incorrect
,ما هي الزمرة الدموية إذا كانت الكرية الحمراء لا تحوي مولد ارتصاص؟,زمر AB,D,Incorrect
,ما هو ناظم القلب؟,اللاي,C,Incorrect
,ما الذي يشكله الجهاز الانزيمي في الخلايا البطانية السليمة اعتباراً من حمض الاراشيدونيك؟,بروستاغلاندين,A,Incorrect
,ما الذي تتناسب معه سرعة النقل في الألياف العصبية اللانخاعينية؟,قطر الألياف,A,Correct
,أين تقع أجسام عصبونات المرتبة الثانية للإحساسات المنقولة بمسلك العمود الظهري؟,الميدولا,C,Incorrect
,ما هي العوامل التي تتناسب معها سرعة الانتشار البسيط؟,تركيز، المسافة، مساحة السطح,B,Incorrect
,ما هي آلية تحرر شوارد الكالسيوم من الشبكة الهيولية في العضلات الهيكلية؟,تحرير الكالسيوم من الشبكة الإندوبلازمية,A,Incorrect
,ما الذي يؤكد الدور الأهم للمراكز الشوكية والبصلية في وظيفة الجهاز العصبي المستقل؟,الاستجابة الأوتونومية بعد قطع الحبل الشوكي,A,Correct
,ما هو الهدف الأساسي للنقل الفاعل عبر الغشاء؟,الانتقال ضد التدرج,B,Correct
,ما الذي يتأثر بتغير كمية الأوكسجين في الأسناخ؟,إفراز الرينين,A,Incorrect
,ما هي أقصى مدة لحفظ الدم؟,10 أيام,C,Incorrect
,ماذا يحدث عندما تكون تهوية السنخ أعلى من ترويته الدموية؟,ضغط جوي,B,Incorrect
,ما هي الحالات التي تزداد فيها كمية الماء الموجودة في الأحياز الخاصة؟,تورم,D,Incorrect
,ما هو الهرمون المطلق للموجهة القشرية؟,ACTH,B,Incorrect
,ما هي الشاردة الإيجابية الأساسية في السائل داخل الخلوي؟,بوتاسيوم,B,Correct
,ما هو نوع المصل الذي يحمله شخص من الزمرة الدموية B؟,مصل مضاد A,A,Correct
,ما هي الحالة التي يكون فيها انقلاب الصيغة أكثر شيوعاً؟,الثلاسيميا,A,Incorrect
,ما هو حجم الضربة (Stroke Volume)؟,حجم الدم الذي يطرحه كل بطين في كل انقباض,A,Correct
,ما هي أقصى كمية هواء يمكن استنشاقها زيادة على كمية الحجم الجاري السوية؟,القدرة الحيوية,C,Incorrect
,ما هي الآلية التي يتم من خلالها التنظيم المديد للجريان الموضعي؟,الآلية المحلية,B,Incorrect
,ما هي الشوارد التي تسبب قوى الجذب بين خيوط الاكتين والميوزين مما يؤدي إلى انزلاق بعضها على بعض؟,شوارد الكالسيوم,B,Incorrect
,ما هو الهدف من آلية المزلاج في العضلات الملساء؟,تثبيت الأكتين والميوسين,C,Correct
,ما هي الخلايا الدبقية التي تشكل جزء من الحاجز الوعائي الدموي؟,خلايا الظهارة,C,Incorrect
,ما هي الآلية التي يتم من خلالها التنظيم المديد للضغط الشرياني؟,الجهاز العصبي السمبثاوي,B,Incorrect
,ما هي المستقبلة الأسرع تلاؤماً؟,العين,D,Incorrect
,لماذا لا تتمكن الألياف العصبية المركزية من التجديد؟,عدم وجود الخلايا الدبقية,C,Incorrect
,ما هي كمية الهواء الموجودة في الرئتين في نهاية شهيق سوي؟,الحجم المتبقي,C,Incorrect
,ما هي الفائدة الوظيفية من التأخير الزمني لكامن الفعل لمدة 0.1 ثانية عند مروره في العقدة الأذينية البطينية؟,تأخير التوصيل,A,Incorrect
,ما هي المواد التي يقتصر عليها الامتصاص المعدي؟,المواد القابلة للذوبان,C,Incorrect
,ما هو المركب الذي يتشكل من تفاعل الهيموغلوبين مع حمض أو قلوي؟,خلوغلوبين,C,Incorrect
,ما الذي يتناسب إفراغه عكسياً مع إفراغ الهيدروجين؟,الكلوريد,B,Incorrect
,ما هو الغشاء الكبيبي نفوذ له؟,البلازما,B,Incorrect
,ما هو المسؤول عن إرسال السيالات في العصبونات؟,النيورون,B,Incorrect
,ما هو المستوى الذي يعتبر ضخ الدم مثالاً على دراسته؟,فيزيولوجيا,B,Incorrect
,ما هي العملية التي يتم بها تحويل النورادرينالين إلى أدرينالين؟,ميثيلاز N,C,Correct
,ما الذي يشكل جسراً بين ألياف الكولاجين والصفيحات الدموية؟,الفيبرينوجين,A,Incorrect
,ما هي الفائدة الوظيفية من وجود الكليونات المجاورة للّب؟,إفراز اللعاب,B,Incorrect
,ما هو السبب الذي يحمي العضلة القلبية من التكزز؟,نظام التوصيل السريع,B,Incorrect
,ما هو الهرمون الذي يخضع لتأثير مزدوج منبه ومثبط من الوطاء؟,هرمون محفز الدرقية,A,Incorrect
,أين تقع المساحة الصغرى في ساحة الحس الأولية عند الإنسان؟,في الفص الجداري,A,Incorrect
,ما هو مصدر الATP الذي تحتاجه الليفات العضلية بشدة؟,التخليقي اللاهوائي,C,Incorrect
,ما هو الذي يفعل السبيل الخارجي للتخثر؟,الصفائح الدموية,D,Incorrect
,ما الذي تتناسب معه سرعة انتشار الغاز عبر الغشاء التنفسي عكسياً؟,سمك الغشاء,B,Correct
,ما هي القيمة العظمى لضغط الأوكسجين في الأسناخ عند زيادة التهوية السنخية في الحالات السوية؟,150 ملم زئبق,C,Incorrect
,أين يحدث الامتصاص بشكل أساسي؟,الامعاء الدقيقة,B,Correct
,ما هو الهرمون الذي يتم إفرازه نتيجة الشدة (الكروب)؟,هرمون الأدرينالين,B,Incorrect
,ما هي آلية تحرر شوارد الكالسيوم من الشبكة الهيولية في العضلات الهيكلية؟,تحرير الكالسيوم من الشبكة الإندوبلازمية,A,Incorrect
,ماذا يسبب التنبيه اللاودي على القلب؟,زيادة تواتر وسرعة ضربات القلب,B,Incorrect
,ما هو المسؤول عن زوال الاستقطاب؟,"البروتينات الج

(بروتينات ج)",A,Incorrect
,ما هو الرقم الهيدروجيني الطبيعي للبول؟,4.5-8,D,Correct
,ماذا يحدث عند وصول كمية كبيرة من NaCl إلى اللطخة الكثيفة؟,تقلص,C,Incorrect
,ما هي كمية الدم التي تمر في نقطة معينة من الدوران خلال فترة محددة من الزمن؟,الانسياب الدموي,B,Correct
,ما هو الانزيم المعوي الذي يقوم بهضم الدسم في الأمعاء؟,ليباز,D,Correct
,ماذا يسبب نقص فيتامين B12 وحمض الفوليك؟,فقر دم كبيري,C,Correct
,ما هي وظيفة الصمامات القلبية؟,منع تدفق الدم في الاتجاه المعاكس,A,Correct
,ما هو المستوى الذي يعد عليه تنظيم الضغط الشرياني؟,الدماغ المتوسط,D,Incorrect
,ما هو نوع العضلات الذي يمتاز بخاصية الارتخاء بعد الكرب؟,العضلات الهيكلية,C,Incorrect
,ما هو أسرع أجزاء الجهاز الناقل في القلب في توصيل السيالة؟,الBundle of His,D,Incorrect
,ما هو اسم الأسناخ التي يصلها دم ولا يصلها هواء؟,الأسناخ الكبيبية,B,Incorrect
,ما هي الطريقة التي يمكن بها تحرير النص الفعال حيوياً بتقنية الأسر الصوتي؟,الترانسكريبتاز,C,Incorrect
,ما هي الشاردة ذات التركيز الأكبر داخل العصبون؟,بوتاسيوم,C,Correct
,ما هو العظم الذي يتمفصل معه الغضروف الطرجهالي؟,الغضروف الدويلي,A,Incorrect
,ماذا يحدث في طور الانقباض الأذيني؟,انقباض الأذين,A,Incorrect
,ما هو الحجم الرئوي الذي يزداد مع التقدم بالعمر؟,الCapacity Residual Functional,C,Incorrect
,ما الذي يحرض إفراز عصارة غنية بالإنزيمات الهاضمة من البنكرياس؟,كوليسيتوكينين,B,Correct
,ما الذي يتمثل به زوال استقطاب البطينات على مخطط القلب؟,مرحلة الاسترخاء,B,Incorrect
,ما هو العامل المحرض على زيادة إفراز الألدوستيرون؟,انخفاض صوديوم البلازما,A,Incorrect
,ما هي الطريقة المستخدمة لحل الخثرة إذا تشكلت في أوعية القلب والرئتين؟,العلاج الثروميبوليتيكي,A,Correct
,ما الذي تسمح به خاصية الارتخاء بعد الكرب للأعضاء الجوفاء التي تحوي عضلات ملساء؟,الامتلاء,C,Incorrect
,ما هو معدل التهوية السنخية؟,معدل التهوية السنخية,B,Incorrect
,متى يتوقف التقلص العضلي؟,انقطاع الإشارات العصبية,D,Incorrect
,ما هي عصبونات المرتبة الثانية في المسلك الظهري؟,العقد الجانبية,B,Incorrect
,ما هو القشراني المعدني الرئيسي؟,الكالسيترول,B,Incorrect
,ما هي أقل أنسجة الجسم البشري احتواءً على الماء؟,السمن,D,Incorrect
,ما هو طليعة الانزيم الذي يتحول إلى شكله الفعال تحت تأثير الخنثرين؟,بروثرومبين,B,Incorrect
,ما هي الآلية التي يستطيع من خلالها الجهاز التنفسي تأمين كميات كبيرة من الأكسجين أثناء التمارين المجهدة؟,زيادة معدل التنفس,A,Incorrect
,ما الذي يحول الببسين إلى مولد ببسين؟,القلوية,B,Incorrect
,ما هي الوظائف التي يتآزر فيها الجهازان الودي واللاودي؟,التآزر,A,Incorrect
,من أين يتم إفراز الإريثروبويتين؟,الكلية,A,Correct
,ما الجزء من الأجسام الضدية من IgG التي يتم قطعها وأخذها في المراكز الحديثة؟,الجزء Fab,A,Incorrect
,ما الذي يؤدي إلى نقصان حجم الدفقة بزيادته؟,نقص مقاومة الوعائية الجهازية,B,Incorrect
,ما تدعى الترنجات العشوائية لشدة الإشعاع المترابط المنتشرة انتشاراً متعدداً؟,الترنيم المتحدث,C,Incorrect
,ما هو المسؤول عن إعادة الاستقطاب؟,الخلايا الصماء,D,Incorrect
,ما هي المادة التي تشتق منها الهرمونات الأمينية؟,الأحماض الأمينية,D,Correct
,كيف يؤدي التأثير الحاصر غير المباشر تأثيره على الجهاز العصبي المستقل؟,تثبيط الإفراز العصبي,B,Incorrect
,ما هو الطريق الهندسي الذي يمكن للضوء أن يقطعه في الخلاء مضروبا بقرينة انكسار الوسط؟,طول المسار البصري,B,Correct
,ما هي الألياف العصبية التي تتميز بالنقل القفزي؟,الألياف A,A,Correct
,ما هو الكمون تقريباً عندما يتكون الليف نفوذ لشوارد البوتاسيوم فقط؟,-90 مللي فولت,D,Correct
,ماذا ينقص في حال نقص المتناول من الماء؟,ماء,D,Incorrect
,ما هو الجزء الذي يملك فعالية ATPase؟,الرأس,A,Correct
,أين يوجد مركز العطش؟,التهاب السحايا,B,Incorrect
,أين يحدث الامتصاص بشكل رئيسي؟,الامعاء الدقيقة,B,Correct
,ما هو الناقل العصبي الذي تحرره الألياف قبل العقدية في القسمين الودي ونظير الودي؟,أسيتيل كولين,B,Correct
,ما هو الصوت الذي يسمع عند بدء الانبساط البطيني؟,صوت أول,B,Incorrect
,ما الذي يُنقص الإفراز المعدي؟,أتروبين,B,Correct
,كيف يتم إلغاء التأثير التثبيطي للتروبونين؟,الكالسيوم,C,Incorrect
,ما هي الوظائف التي يتآزر فيها القسمين الودّي ونظير الودّي للجهاز العصبي المستقل؟,التآزر الوظيفي,C,Incorrect
,ماذا يؤدي نقص تركيز الأوكسجين في الأسناخ؟,تخثر الدم,C,Incorrect
,ما هي الظاهرة التي تحدث عندما تتجمع المراكز المثارة ويستطيع الإشعاع أن ينتشر مرات كثيرة؟,تضخيم حيوية,A,Incorrect
,ما هو المسؤول عن تحفيز تحرر الكالسيوم من الشبكة الهيولية؟,الكالسيوم,B,Incorrect
,ما هي آلية عمل الحاصرات الغير مباشرة في الجهاز العصبي المستقل؟,تثبيط إعادة امتصاص النورإبينفرين,B,Incorrect
,ما هو نمط المستقبلات الموجودة في العضو؟,مستقبلات حسية حرارية,D,Incorrect
,ما الذي يؤدي إلى انخفاض ضغط الدم عند زيادته؟,براديكارديا,D,Incorrect
,ما هي الحالات التي تنقص فيها سرعة موجة النبض؟,تصلب الشرايين,B,Incorrect
,ما هي الخلايا التي تستجيب للعصبونات بعد العقد اللاودية؟,خلايا دبقية,A,Incorrect
,ما هو الجزء من النفرون الكتيم تماماً للماء؟,الAscending limb of loop of Henle,C,Correct
,أين يتم تخرب الكريات الحمر بشكل رئيسي؟,في الطحال,C,Correct
,ما هو العامل الأساسي الذي يحدد ارتباط الخضاب بالأوكسجين؟,ضغط جزئي للأكسجين,A,Correct
,ما هو العامل الذي تفرزه الكلية ويؤثر في تشكيل الكريات الحمر؟,إريثروبويتين,C,Correct
,إلام يؤدي زيحان منحنى تفارق الأكسجين الخضاب نحو اليمين؟,انخفاض affinity of hemoglobin for oxygen,A,Correct
,ما الذي يشكل غمد النخاعين في الجهاز العصبي المركزي؟,خلايا الدبق المايكينية,A,Incorrect
,ما الذي يثبط إفراز الـ FSH؟,إنهايتين,B,Correct
,ماذا تمثل الموجة QRS؟,دفع البطين,B,Incorrect
,ما الذي يعتمد عليه هرمون النمو في تأثيره على الخلية الهدف؟,مستقبلات هرمون النمو,D,Correct
,ما الذي يضمن سرعة توصيل كامن الفعل إلى جميع أنحاء الليف العضلي؟,التشعب,D,Incorrect
,ما الذي يسمع بوضوح في الحالة الطبيعية للإنسان؟,ضجعات القلب,B,Incorrect
,ماذا يحدث لمعدل الترشيح الكبيبي عندما يصبح ضغط الدم 100 ممز؟,ينخفض,C,Incorrect
,ما هو المستوى الذي يعد عليه تنظيم الضغط الشرياني؟,الدماغ المتوسط,B,Incorrect
,ما الذي يثبط فعالية جهاز الهضم؟,الكلوكاغون,D,Incorrect
,ما هي الأسباب التي تُعزى إليها ظاهرة الانتشار الخلفي المترابط؟,الوراثة,B,Incorrect
,ما الذي يحدث مباشرة قبل صوت القلب الثاني؟,إغلاق الصمامات الأبهري والريدي,C,Correct
,ما هو الأنزيم المعوي الذي يحول مولد التربسين إلى تربسين؟,انتروكيناز,A,Correct
,ما هي أهمية التأخير الذي يحدث أثناء مرور كامن الفعل في العقدة الأذينية البطينية؟,الامتلاء البطيني,D,Correct
,ما هو سبب ظهور طور الهضبة في كامن فعل العضلة القلبية؟,إغلاق الصمامات,A,Incorrect
,ما الأقنية التي يسبب انتفاحها بطور الهضبة في كمون عمل الليف العضلي القلبي؟,الأقنية الإكليلية,B,Incorrect
,ما هو المخطط الذي عبارة عن صندوق ذو قرنين ممتدين بشكل موازي للمحور الشاقولي الذي تتوزع عليه القياسات؟,مخطط صندوقية-اشوار,A,Incorrect
,ما هو المقياس الذي يسمح بترتيب السمات دون اعتبار لتساوي الفروق بين أي رتبتين؟,ترتيب,A,Incorrect
,ماذا يعني أن تكون قيمة معامل الارتباط تساوي −0.92؟,علاقة سلبية قوية,B,Correct
,ما هي مصادر البيانات السكانية؟,سجلات السكان,C,Incorrect
,ماذا نحصل عليه بعد تحديد مجتمع الدراسة والعينة وقياس قيم المتغير على أفراد العينة؟,بيانات,A,Correct
,ما هو نوع المتغير الذي يمثله عدد الكريات الحمر؟,متغير عددي تكراري,C,Incorrect
,ما هو المقياس الذي تكون فيه قيمة الصفر نسبية وليست مطلقة؟,مقياس نسبة,A,Incorrect
,ما هو مخطط تنظيم البيانات الذي يشبه أسلوب الجداول التكرارية والأعمدة؟,مخطط شريطي,B,Incorrect
,ما هو التوقع الرياضي للعدد الثابت؟,1.0,B,Incorrect
,ما هو التوزيع المستخدم من أجل اختبار الفروض حول معامل الارتباط الخطي؟,توزيع t,C,Correct
,ما هو الإحصاء الذي يسعى لعرض وتوضيح سلوك الظاهرة؟,التصنيف,A,Incorrect
,ما هو الغرض الرئيسي من حساب معامل الارتباط الخطي؟,قياس القوة والاتجاه بين متغيرين,B,Correct
,ما هو الخط المنكسر الذي يصل النقاط التي فواصلها مراكز الفئات وترتيبها تكرارات الفئات؟,مخطط الفئات التكرارية,B,Incorrect
,من أين نحصل على المصادر الداخلية لجمع البيانات؟,من داخل المنظمة,A,Correct
,ما هو الإحصاء؟,تواتر,B,Incorrect
,ماذا يحتسب اليوم إذا قُبل المريض في يوم وتخرج في نفس اليوم؟,يوم واحد,C,Incorrect
,ما هي طريقة جمع البيانات التي تتناسب مع الأطفال؟,الملاحظة,D,Incorrect
,ما هي الدراسات التي بحكم الميدان تنفيذ العمل وجمع البيانات؟,دراسات ميدانية,B,Correct
,ما هو الغرض من استخدام الجداول التكرارية؟,تقييم التكرار,C,Correct
,ما هما نوعا البيانات الموجودان؟,كيفية ونتائج,A,Incorrect
,ما الذي تعطينا إياه دالة التوزيع الاحتمالي المتجمع؟,الاحتمال التراكمي,C,Correct
,كل متى يتكرر التعداد السكاني عادة؟,كل 10 سنوات,B,Correct
,ما هو الفارق في عدد السكان بين تعدادين متعاقبين تفصلهما فترة معينة كعشر سنوات؟,النمو السكاني,A,Incorrect
,ما هو المسجل الذي يهدف إلى تجميع المعلومات عن المرضى؟,سجل طبي,D,Incorrect
,ما هي من أقدم الطرق المستخدمة لجمع البيانات لمراقبة الكثير من الظواهر لا سيما التي يصعب السؤال عنها؟,الملاحظة,A,Correct
,ما هو المقياس المستخدم لوصف حالة التدخين (مدخن - غير مدخن)؟,تاريخ التدخين,A,Incorrect
,ما هي الطريقة التي يتم بها الحصول على بيانات تتعلق بضغط الدم وسرعة نبضات القلب ونسبة الكوليسترول في الدم لعينة من المرضى خلال فترة أسبوع؟,دراسة مقطعية,B,Incorrect
,ما هي وظائف السجلات الطبية؟,توثيق الرعاية الطبية، التواصل بين مقدمي الرعاية الصحية، التأمين، التعليم، البحث، التقييم، التحسين الجودة، الامتثال للقوانين.,C,Incorrect
,ما هو المقياس الذي يمكن استخدام الطرق الإحصائية الوسيطية فيه؟,مقياس ترددي,B,Incorrect
,ما هو التوزيع الذي يتبعه مربع المتغير العشوائي Z² إذا كان للمتغير العشوائي Z توزيع طبيعي معياري؟,توزيع كاي مربع,A,Correct
,ما هي المنظمة التي وضعت التصنيف الدولي للأمراض؟,المنظمة العالمية للصحة,C,Correct
,ما هي الجهة المسؤولة عن السجلات الطبية؟,الادارة الطبية,C,Incorrect
,ما هو التوقع الرياضي لمتحول عشوائي يخضع لتوزيع برنولي؟,الترجيع,C,Incorrect
,ما هو التصنيف الدولي للأمراض؟,التصنيف الدولي للأمراض,A,Incorrect
,ما هو المستقيم الذي يكون منحنى التوزيع الطبيعي المعياري مناظراً حوله؟,المتوسط,A,Correct
,ما هي أيام الخدمة الإجمالية للمرضى الداخليين؟,أيام الخدمة الإجمالية,B,Incorrect
,ما هي قيمة معامل التجديد؟,0.7,A,Incorrect
,ما هي وحدة المعاينة؟,ميكروسكوب,C,Incorrect
,ما هو الجدول التكراري الذي يضم عدد البيانات في فئة معينة وكل الفئات التي تسبقها؟,التراكم التكراري,B,Correct
,ما هو معدل الوفيات في المشفى؟,معدل الوفيات في المستشفى,C,Incorrect
,ما هو متوسط التوزيع الاحتمالي في تجربة رمي قطعة نقود 3 مرات متتالية حيث x تدل على عدد ظهور H؟,ثنائية,A,Incorrect
,ما هو المجتمع الإحصائي (الجمهرة)؟,المجتمع الإحصائي,C,Incorrect
,ما هو الرسم البياني الذي يتكون من مجموعة من الأعمدة المتجاورة المقامة على المحور الأفقي الذي تمثل عليه حالات الصفة المدروسة عندما تكون البيانات وصفية وفترات الفئات عندما تكون البيانات كمية ويساوي ارتفاع كل عمود تكرارات الفئة المقام عليها؟,مخطط شريطي,B,Incorrect
,ما هي طريقة جمع البيانات التي من أمثلتها قياس شدة تأثير نوع من الهرمونات في مجموعة من الفئران؟,الدراسة التجريبية,A,Correct
,ما نوع المتغير الذي يمثله طول شخص بالغ وقياس السكر في الدم؟,مستمر,C,Correct
,متى يكون المجتمع غير متجانس في العينة غير العشوائية؟,عندما يكون هناك اختلاف في الخصائص بين أفراد المجتمع,C,Incorrect
,ما الذي يعتمد عليه توزيع ستيودنت؟,توزيع طبيعي,D,Incorrect
,ما هي محتويات السجل الطبي؟,بيانات المريض، الشكاوى، التاريخ الطبي، الفحص السريري، التشخيص، الخطة العلاجية، المستندات الطبية,B,Incorrect
,ما هو التصنيف الدولي للأمراض وما الغرض من الرموز والأرقام المستخدمة فيه؟,"التصنيف الدولي للأمراض، أو ICD، هو نظام تصنيف عالمي للأمراض والظروف الطبية الأخرى. الغرض من الرموز والأرقام المستخدمة في ICD هو توفير طريقة موحدة لتسجيل وتشفير التشخيصات والعلل والأعراض والأسباب الرئيسية للزيارة الطبية. هذا التصنيف يهدف إلى:

1. **التوحيد**: توفير لغة مشتركة للتواصل بين المهنيين الصحيين في جميع أنحاء العالم.
2. **الاستاتيكا الصحية**: جمع البيانات الصحية على مستوى العالم، مما يساعد في تحليل الاتجاهات الصحية، التخطيط الصحي، وتخصيص الموارد.
3. **البحث**: تسهيل البحث الطبي",B,Correct
,ما نوع العينة التي نسحبها إذا كنا أمام مجتمع غير متجانس؟,عينة عشوائية متراتبة,C,Correct
,ما هو الغرض من استخدام الجداول التكرارية في عرض البيانات؟,تكرار البيانات,C,Incorrect
,ما هي الطريقة التي يتم بها الحصول على بيانات تتعلق بضغط الدم ونسبة الكوليسترول بالدم لعينة من المرضى خلال فترة زمنية معينة؟,دراسة طولية,D,Incorrect
,ما هي أعلى مستويات القياس؟,الترتيب,C,Incorrect
,ما هو الهدف من تغيير الطرائق في الدراسات بالنسبة للبيانات؟,تحسين الدقة,D,Incorrect
,ما هي طريقة جمع البيانات التي تمتاز بالتكلفة العالية؟,الملاحظة,C,Incorrect
,ما هو الفارق في عدد السكان بين تعدادين متعاقبين تفصلهما فترة معينة كعشر سنوات؟,النمو السكاني,B,Incorrect
,ما هو الجزء من الإحصاء الذي يعنى بوصف طبيعة وسلوك الظاهرة المدروسة وعرضها؟,الوصفية,B,Correct
,ما هي الفئة التي تشكل قاعدة الهرم السكاني؟,الفئة العمرية 0-14 سنة,A,Correct
,ما هي فرضية العدم لاختبار الفرضيات حول معامل الارتباط الخطي لبيرسون؟,الارتباط الخطي بين المتغيرين غير موجود,A,Correct
,ما هو التكرار المتجمع الهابط لفئة معينة؟,نسبة التكرار للصفوف السابقة,B,Incorrect
,ما هو التوزيع الذي تتبعه التجربة الثنائية الوحيدة؟,توزيع ثنائية,A,Incorrect
,ما هو نتاج العوامل المؤثرة في النمو السكاني من مواليد ووفيات وهجرة؟,تغير سكاني,C,Incorrect
,ما هو المقياس المستخدم لقياس خضاب الدم؟,ميلليغرام لكل ديسيلتر,D,Incorrect
,ما هو نوع المصدر الذي تمثله البيانات التي نحصل عليها من الشركة أو المؤسسة من واقع مستنداتها وسجلاتها وفواتيرها وتقاريرها الدورية؟,بيانات أولية,A,Incorrect
,ما هي الجهة المسؤولة عن السجلات الطبية؟,الادارة الطبية,C,Incorrect
,ما هو نوع الإحصاء الذي يتضمن جمع البيانات وتنظيمها وتوصيفها وتبويبها وتلخيصها؟,إحصاء وصفي,A,Correct
,ما نوع العينة التي تمثلها مجموعة من المرضى الذين يراجعون طبيباً معيناً عندما يجري عليهم دراسة؟,عينة متحيزة,B,Correct
,ما نوع العلاقة إذا كانت قيمة بيرسون R=0.92؟,علاقة إيجابية قوية,A,Correct
,ما هي وحدة المعاينة؟,ميكروسكوب,C,Incorrect
,ما هي الطريقة التي يتم بها الحصول على بيانات تتعلق بضغط الدم وسرعة نبضات القلب ونسبة الكولسترول في الدم لعينة من المرضى خلال فترة أسبوع؟,دراسة مقطعية,D,Incorrect
,ما نوع الارتباط بين المتغير العشوائي X والمتغير التابع Y إذا كان تزايد X يؤدي إلى تزايد Y؟,ارتباط إيجابي,C,Correct
,"ماذا تعبر عنه العبارة ""احتمال أي حدث لا يزيد عن الواحد""؟",قوانين الاحتمال,B,Incorrect
,ما تسمى الظاهرة التي يحدث فيها انحدار معدل أطوال الأبناء من معامل المجتمع؟,انحدار ريجن,A,Incorrect
,ما هي التقديرات التي تستخدم لتقدير نسبة النجاح لمجتمع؟,التقديرات النقطية,C,Incorrect
,ما نوع المتغير العشوائي الذي يدل على عدد القذفات عند قذف قطعة نقود حتى يظهر الوجه H للمرة الأولى؟,توزيع برنولي,A,Incorrect
,ما هو متوسط عدد الأطفال الذي يمكن أن تنجبهم المرأة أحياء إذا أمضت حياتها منذ ميلادها بما يتماشى مع معدلات الخصوبة العمرية في سنة معينة؟,معدل الخصوبة الكلي,C,Correct
,ما هي الطريقة التي تمكننا من مراقبة رد الفعل على بعض الأسئلة والحصول على إجابات دقيقة؟,الطريقة المقابلة,B,Incorrect
,ما هو نوع البيانات المستخدمة لإنشاء الجدول التكراري؟,بيانات تكرارية,D,Incorrect
,ما هي طبيعة الأفراد أو العناصر التي تشكل المجتمع الإحصائي؟,فرديات,A,Correct
,ما هو عدد الكريات الحمر في الجسم؟,4.5-5.5 مليون خلية/ملم³,B,Correct
,ما هو معدل وفيات الأمهات الذي يحسب بقسمة عدد الوفيات لدى النساء الحوامل التي حدثت أثناء الحمل أو الولادة أو النفاس على عدد المواليد الأحياء خلال نفس السنة مضروباً في 100000؟,معدل وفيات الأمهات,D,Incorrect
,ما هي المعدلات التي يكون تركيزها على معدلات الخصوبة لفئة معينة من العمر لغرض المقارنة على امتداد زمن ما ودراسة الفروق في ظاهرة الخصوبة بمختلف الأعمار؟,معدلات الخصوبة النوعية,A,Correct
,ما هي العلاقة بين المتغيرين عندما يؤدي تزايد المتغير العشوائي x إلى تناقص المتغير التابع y؟,سالب,A,Correct
,ما هو المقياس المستخدم لوصف حالة التدخين (مدخن / غير مدخن)؟,تاريخ التدخين,A,Incorrect
,ما هي الشروط التي يجب توفرها في مجموعة من المتغيرات العشوائية لتشكل عينة عشوائية؟,استقلال، نفس التوزيع,B,Correct
,ما هو المستوى الذي يمكن حساب فيه المتوسطات والانحرافات المعيارية ومقاييس العلاقة الخطية؟,المستوى المتغير,C,Incorrect
,كم يتراوح عدد الفئات غالباً؟,5 إلى 12,A,Incorrect
,ما هي فرضية العدم لاختبار الفرضيات حول معامل الارتباط الخطي لبيرسون؟,الارتباط الخطي بين المتغيرين غير موجود,B,Correct
,ما هو معدل الوفيات الخام؟,معدل الوفيات الخام,B,Incorrect
,ما هي الجهة المسؤولة عن السجلات الطبية؟,الادارة الطبية,C,Incorrect
,ما هو الغرض من استخدام مخطط الانتشار في الدراسة الإحصائية بين خاصتين؟,العلاقة بين المتغيرات,A,Correct
,ما هو التوقع الرياضي لمجموع متغيرين عشوائيين؟,جذع العصب الشوكي,B,Incorrect
,ما هو التكرار المتجمع الصاعد لفئة معينة؟,النسبة المئوية التراكمية,A,Incorrect
,ما هي المنطقة التي تتألف من قيم دالة الاختبار قليلة الاحتمال عندما Ho صحيحة؟,المنطقة الحرام,B,Incorrect
,ما هو المجتمع الإحصائي؟,مجتمع الإحصائي,A,Incorrect
,ما الذي يقوم عليه الإحصاء الاستنتاجي؟,الاحتمالات,B,Correct
,ما هي الجهة التي تصدر التصنيف الدولي للأمراض؟,المنظمة العالمية للصحة,A,Correct
,ما الذي تختلف تبعاً له دلالات قيم المتغيرات العشوائية؟,الظروف,C,Incorrect
,ما هي الطريقة التي تستخدم فيها بعض التقنيات الإلكترونية للمراقبة والعد وتسجيل الملاحظات؟,التليصين,A,Incorrect
,ما الذي يحدد زمن حفظ السجلات الطبية؟,القوانين المحلية,C,Correct
,ما هو التوزيع الذي يتبعه مجموع متغيرات عينة عشوائية حجمها n من توزيع برنولي بالوسيط P؟,ثنائي,B,Incorrect
,ما هي مجموعة قيم المتغير العشوائي x الذي يدل على عدد أخوات طالب ما؟,"0,1,2,3,...",B,Correct
,ما هو معدل المواليد الخام؟,عدد المواليد الحيين لكل 1000 من السكان في السنة,B,Correct
,ما هي الفئة العمرية المهمة جداً من الناحية الصحية والتنموية؟,من 0 إلى 5 سنوات,B,Incorrect
,ما هي الطريقة التي تمتاز بوصول الإجابات خلال وقت قصير وتتميز ببساطتها وقلة تكاليفها وسرعتها؟,استبيان,B,Correct
,ما هو المخطط الذي يساعد بدراسة العلاقة بين متغيرين وطبيعتها؟,الرسم البياني المبعثر,D,Correct
,ما الذي يحدد زمن حفظ السجلات الطبية في المشفى؟,القوانين المحلية,C,Correct
,ما هو التوزيع الذي يستخدم في اختبار الفرضيات حول ميل خط الانحدار؟,ت-ستودنت,A,Correct
,ما هي أسباب تفضيل أسلوب العينة على أسلوب الحصر الشامل؟,تكلفة أقل، وقت أقل، سهولة التنفيذ,A,Correct
,ما هو السجل الذي يهدف إلى تجميع المعلومات عن المريض؟,سجل طبي,D,Incorrect
,ما هو نوع التوزيع الإحصائي إذا علمت أن احتمال شفاء مريض مصاب بالزكام خلال أسبوع دون اللجوء للطبيب هو 0.6 وكان لدينا 10 مرضى بالزكام ولم يراجعوا الطبيب؟,ثنائي,B,Correct
,ما هو الشريان الذي ينزف غالباً من قرحة اثني عشرية؟,شريان ثني عشري العلوي الخلفي,B,Correct
,ما هي الأورام التي تعالج في القسم البعيد للمعدة؟,ورم جاسترينوم,D,Incorrect
,ما هو التشخيص للآفة التي قد تسبب فقراً دموياً والنزف الحاد منها غير شائع والتي تم اكتشافها بالتنظير الهضمي العلوي لرجل عمره 55 سنة؟,قرحة دوودنالية,B,Incorrect
,ما هي الخطوة الأولى الأهم في تدبير مريض يبلغ من العمر 32 سنة أتى لقسم الطوارئ بقصة إقياء لكميات كبيرة من الدم الأحمر القاني؟,استقرار المريض,C,Incorrect
,ما هو التشخيص المحتمل لمريضة تبلغ من العمر 45 سنة تشكو من ألم في ثديها الأيسر لمدة أسبوعين مع وجود خيط يشبه الحبل مؤلم وأودة بارزة فوقه بالفحص السريري؟,ورم ثديي مع التهاب في القنوات,D,Incorrect
,ما هو التشخيص المحتمل لمريضة تبلغ من العمر 40 عاماً من أصول آسيوية وصلت إلى بريطانيا تشكو من كتلة غير مؤلمة في ثديها الأيمن منذ عدة أشهر مع نز الخراج في إبطها الأيمن الذي يشفى ويعاود من جديد؟,سرطان الثدي,B,Incorrect
,ما هو التشخيص المحتمل لمريضة تبلغ من العمر 25 سنة راجعت بكتلة شاهدتها صدفة منذ 3 أسابيع في ثديها الأيسر ويمكن تحريك الكتلة من قبل المريضة ضمن نسيج الثدي؟,ورم ليفي ثديي,D,Correct
,ما هو التشخيص المحتمل لمريضة تبلغ من العمر 50 عاماً تعاني من ألم واحمرار في الثدي الأيمن منذ شهر وقد عولجت بالصادات لمدة أسبوعين دون تحسن وازدادت الحالة سوءاً؟,سرطان الثدي,C,Incorrect
,ما هو التشخيص المحتمل لمريضة مسنة مشخص لديها سابقاً داء هاشيموتو وتراجع بعقدة قاسية غير منتظمة في الفص الدرقي الأيمن؟,سرطان الغدة الدرقية,C,Incorrect
,ما هو التشخيص المحتمل لطفل يبلغ من العمر 12 سنة يراجع بعقدة درقية مع ضخامة عقد لمفية ناحية؟,ورم هودجكين,D,Incorrect
,ما هو التشخيص المحتمل لمريضة في منتصف العمر تعاني من سلعة درقية لفترة طويلة مع تضخم الفص الأيمن أكبر من الأيسر وهي سريرياً في حالة سواء درقي؟,أورام درقية حميدة,C,Incorrect
,ما هو التشخيص الأكثر احتمالاً لفتاة في الربيع الخامس تشكو من عسرة تنفس مع وجود كتلة في جوف الفم بقطر 3 سم على الخط الناصف وعلى مؤخرة اللسان؟,ورم ليمفاوي,B,Incorrect
,ما هو العلاج غير المرغوب به في حالة شابة في ربيعها الأربعين تشكو من نقص وزن مع خفقان وجحوظ في العينين مع وجود سلعة درقية متوسطة الحجم منتشرة ومتجانسة وفرط نشاط درق بدني؟,يود,C,Incorrect
,ما هو الإجراء الأول الذي يجب إجراؤه قبل عملية sleeve gastrectomy لمريض البدانة الذي لديه BMI يساوي 40؟,تقييم ما قبل الجراحة,B,Incorrect
,ما هو الإجراء الأول الذي يجب إجراؤه قبل عملية Sleeve gastrectomy لمريض البدانة الذي لديه BMI يساوي 40؟,تقييم ما قبل الجراحة,C,Incorrect
,ما هو التشخيص المحتمل لمريض عمره 25 سنة يعاني من عدم ارتياح عام ونقصان في الوزن وترفع حروري وبراز ملطخ بالدم على نحو متقطع خلال الست أسابيع الأخيرة بعد عودته من شبه القارة الهندية حيث عمل هناك لمدة ستة أشهر، مع وجود كبدية ومضض في الربع العلوي الأيمن وإيكو يظهر جوفا ناقص الصدى في الفص الكبدي الأيمن ذو حوا,ANSWER: ابيضاض الدم المونوسيتي,B,Incorrect
,ما هو التشخيص المحتمل لمريض عمره 50 سنة يعاني من أصمية حديثة وألم في الربع العلوي الأيمن لمدة 3-4 أشهر مع فحص سريري سلبي ووظائف كبد طبيعية وتنظير هضمي علوي طبيعي بينما أظهر الإيكو وجود آفة كيسية وحيدة تبلغ 6 سم؟,أورام كيسية في القنوات الصفراوية,D,Incorrect
,ما هو التشخيص المحتمل لمريضة تبلغ من العمر 30 سنة تعاني من ألم مستمر في الربع العلوي الأيمن من البطن مع إقياء وارتفاع حرارة وإيجابية علامة مورفي؟,تليف كبيبي,B,Incorrect
,ما هو التشخيص المحتمل لمريض يبلغ من العمر 60 سنة لديه سابقة حصيات مرارية يراجع بقصة ألم بطني شديد ومستمر لمدة 6 ساعات وبالفحص السريري كان المريض غير مرتاح ومصدوم مع انتفاخ البطن ومضض راجع معممين؟,تليف كولي,D,Incorrect
,ما هو التشخيص المحتمل لمريض يبلغ من العمر 56 سنة يعاني من ألم شديد في أعلى البطن منذ أسبوع مع حمى متقطعة وعدم راحة شديدة مع وجود علامات لتخريش بريتواني في الربع العلوي الأيمن مع جس كتلة؟,تليف كيسي,A,Incorrect
,ما هو التشخيص المحتمل لمريض يبلغ من العمر 60 سنة يراجع بقصة ألم بطني ويرقان وحرارة مع عروءات؟,الانثقاب اليرقي,D,Incorrect
,ما هو التشخيص المحتمل لمريضة تبلغ من العمر 40 سنة عولجت لالتهاب مرارة حاد حيث لوحظ وجود مرارة مجسوسة غير ممضة، لم يكن هناك ترفع حروري وكانت المريضة بشكل عام بصحة جيدة؟,مرارة متحجرة,C,Incorrect
,ما هو التشخيص المحتمل لمريض عمره 80 سنة لديه تصبغ جلدي ملحوظ ونسيج ندبي ولديه ندبات بطنية لاستئصال كظر ثنائي الجانب؟,مرض أديسون,C,Correct
,ما هو التشخيص المحتمل لمريض عمره 48 سنة يعاني من اضطراب رئوي وصداع وارتفاع ضغط؟,ذئبة حميدة,C,Incorrect
,ما هو التشخيص المحتمل لمريض ربو مع تفاقم متكرر لحالته تطور لديه بشكل تدريجي شعرانية مع بدانة جذعية وكدمات؟,متلازمة كوشينغ,A,Correct
,ما هو التشخيص المحتمل لسيدة حامل تبلغ من العمر 30 سنة تبين أثناء إجراء ايكو بطن لها وجود كتلة متكلسة في الشرسوف يبلغ قطرها 1 سم مع سماع لغط في منطقة الشرسوف دون وجود أي أعراض؟,ورم شحمي,C,Incorrect
,ما هو التشخيص الأكثر احتمالاً لطفل عمره 7 سنوات يعاني من فقر دم منجلي ويشكو منذ ساعتين من ألم بطني حاد في الربع العلوي الأيسر مع ضغط 60/100 ملم زئبقي ونبض 110 ن/د وحرارة 37 درجة ومضض في الربع العلوي الأيسر للبطن بدون إيلام مرتد مع صعوبة جس الطحال وخضاب 6.1 غ/دل؟,انفجار طحال,A,Incorrect
,ما هي نسبة الاستفادة من استئصال الطحال في حالة سيدة عمرها 40 سنة تعاني من فرفرية مناعية مزمنة معندة على العلاج بالستيروئيدات؟,30-40%,A,Incorrect
,ما هي الخطوة التالية في تدبير مريض بعمر 70 سنة دون سوابق جراحية يعاني من ألم بطني متقطع منذ أسبوع وتوسع بطني وإقياء مستمر منذ يوم، مع عدم وجود فتوق بالفحص وتعداد 3000 كرية بيضاء / مم؟,استشارة جراحية,D,Incorrect
,ما هي الخطوة التالية في تدبير مريض بعمر 70 سنة دون سوابق جراحية يعاني من ألم بطني متقطع منذ أسبوع وتوسع بطني وإقياء مستمر منذ يوم، مع عدم وجود فتوق بالفحص وتعداد 3000 كرية بيضاء / مم؟,استشارة جراحية,D,Incorrect
,ما هي الخطوة التالية في تدبير شاب عمره 20 سنة راجع الإسعاف بعد 20 يوماً من استئصال زائدة ملتهبة ويعاني من إقياء مع تمدد بطن وإيلام خفيف، وتعداد WBC كان 14000 كرية/مم3 والكهارل طبيعية؟,تصوير البطن,A,Incorrect
,ما هي العلامات الأكثر توافقاً مع بالغ عمره 45 سنة لديه ألم بطني حاد وتم تشخيصه بالتهاب مرارة حاد؟,تقرحات في المرارة,B,Incorrect
,ما هي الخطوة الأولى الأهم في تدبير مريض يبلغ من العمر 32 سنة أتى لقسم الطوارئ بقصة إقياء لكميات كبيرة من الدم الأحمر القاني؟,استقرار المريض,C,Correct
,ما هو التشخيص المحتمل لمريض عمره 70 سنة تطور لديه بعد 3 أيام من احتشاء قلبي ألم بطني مع تعدد البطن وخفوت في أصوات الأمعاء وتحليل غازات الدم يشير إلى احمضاض استقلابي؟,necrosis mesenteric,B,Correct
,ما هي القاعدة الجراحية الأصح حالياً في مراقبة المريض أثناء تدبير مريض الانسداد المعوي ووضع القرار الجراحي المناسب في المراكز الجراحية المتطورة؟,المراقبة السريرية المستمرة,D,Incorrect
,ما هو التشخيص المحتمل للمريضة إذا كانت الصورة البسيطة تدل على سويات معوية دقيقة وغياب لارتسام الكولونات وكانت مقاطع التصوير الطبقي المحوري تشير لتوسع عرى المعي؟,إقفار معوي,D,Incorrect
,ما هو التشخيص الأقوى لمريض عمره 65 سنة تطور لديه ألم بطني حاد مفاجئ مستمر في الربع العلوي الأيمن منذ ساعة، تلاه آلام مغصية سرية مع غثيان، والفحص السريري يبدي سحنة سمية مع فحص بطني سوي تقريباً؟,تليف كيسي,D,Incorrect
,ما هو التشخيص المحتمل في المريضة التي تظهر صورتها البسيطة سويات معوية دقيقة وغياب الارتسام الكولوني، وتشير مقاطع التصوير الطبقي المحوري لتوسع عرى المعي الدقيق وزيادة في شحم المساريقا مع عدم ارتسام الكولون بالكامل؟,إلتهاب القولون التقرحي,D,Incorrect
,ما هو التشخيص لمريض عمره 60 سنة مصاب بداء كرون منذ عشر سنوات راجع المشفى بقصة حمى وعرواءات تلاها خروج هواء ومفرزات معوية عند التبول؟,فístule recto-urinaire,A,Correct
,ما هي الحالة التي لا تدخل في التشخيص التفريقي لطفلة عمرها 10 سنوات تعاني منذ ساعتين من ألم حفرة حرقفية يمنى دون إيلام مرتد؟,Appendicitis,C,Incorrect
,ما هو التشخيص المحتمل لمريضة عمرها 50 سنة تعرضت لألم بطني حاد طاعن منذ نصف ساعة في الشرسوف تعمم في أنحاء البطن مع إقياءات بنية اللون وفحص البطن لين؟,"تقرح معدي
انفجار
أمعاء
دوليكوليتيس
الزائدة الدودية
الانصمام
الانصمام
الانصمام
الانصمام
الانصمام
الانصمام
الانصمام
الانصمام
الانصمام
الانصمام
الانصمام
الانصمام
الانصمام
الانصمام
الانصمام
الانصمام
الانصمام
الانصمام
الانصمام
الانصمام
ال",B,Incorrect
,ما هو الفحص الذي يجب إجراؤه أولاً لمريض يشتكي من ألم بطني حاد ومفاجئ؟,فحص جسدي,C,Incorrect
,ما هو التشخيص الأقوى لمريض عمره 65 سنة تطور لديه ألم بطني حاد مفاجئ ومستمر في الربع السفلي الأيمن منذ ساعة، تلاه آلام مغصة سرية مع غثيان، والفحص السريري يبدي سحنة سمية مع فحص بطن سوي تقريباً؟,تليف صماوي حاد,D,Incorrect
,ما هي الخطوة الأولى الأهم في تدبير شاب عمره 32 سنة يراجع قسم الطوارئ بقصة إقياء كميات كبيرة من الدم الأحمر القاني؟,استقرار المريض,C,Incorrect
,ما هو التشخيص للآفة التي قد تسبب فقراً دموياً والنزف الحاد منها غير شائع والتي تم اكتشافها بالتنظير الهضمي العلوي لرجل عمره 55 سنة؟,قرحة دوودنالية,B,Incorrect
,ما هي الخطوة الأولى الأهم في تدبير مريض يبلغ من العمر 32 سنة أتى لقسم الطوارئ بقصة إقياء لكميات كبيرة من الدم الأحمر القاني؟,استقرار المريض,C,Correct
,ما هو العلاج الأمثل لمريض عمره 40 سنة وجد لديه بالتنظير الهضمي العلوي لمفوما معدية؟,علاج ثلاثي,D,Incorrect
,ما هو التشخيص المحتمل لطفل يبلغ من العمر 12 سنة يراجع بعقدة درقية مع ضخامة عقد لمفية ناحية؟,ورم هودجكين,D,Incorrect
,ما هو التشخيص المحتمل لمريضة في منتصف العمر تعاني من سلعة درقية لفترة طويلة مع تضخم الفص الأيمن أكبر من الأيسر وهي سريرياً في حالة سواء درقي؟,أورام درقية حميدة,C,Incorrect
,ما هو التشخيص الأكثر احتمالاً لفتاة في الربيع الخامس تشكو من عسرة تنفس مع وجود كتلة في جوف الفم بقطر 3 سم على الخط الناصف وعلى مؤخرة اللسان؟,ورم ليمفاوي,B,Incorrect
,ما هو العلاج غير المرغوب به في حالة شابة في ربيعها الأربعين تشكو من نقص وزن مع خفقان وجحوظ في العينين مع وجود سلعة درقية متوسطة الحجم منتشرة ومتجانسة وفرط نشاط درق بدني؟,يود,C,Incorrect
,ما هو الإجراء الأول الذي يجب إجراؤه قبل عملية Sleeve gastrectomy لمريض البدانة الذي لديه BMI يساوي 40؟,تقييم ما قبل الجراحة,C,Incorrect
,ما هو التشخيص المحتمل لمريض عمره 50 سنة يعاني من أصمية حديثة وألم في الربع العلوي الأيمن لمدة 3-4 أشهر مع فحص سريري سلبي ووظائف كبد طبيعية وتنظير هضمي علوي طبيعي بينما أظهر الإيكو وجود آفة كيسية وحيدة تبلغ 6 سم؟,أورام كيسية في القنوات الصفراوية,D,Incorrect
,ما هو التشخيص المحتمل لمريض يبلغ من العمر 60 سنة لديه سابقة حصيات مرارية يراجع بقصة ألم بطني شديد ومستمر لمدة 6 ساعات وبالفحص السريري كان المريض غير مرتاح ومصدوم مع انتفاخ البطن ومضض راجع معممين؟,تليف كولي,D,Incorrect
,ما هو التشخيص المحتمل لمريض يبلغ من العمر 56 سنة يعاني من ألم شديد في أعلى البطن منذ أسبوع مع حمى متقطعة وعدم راحة شديدة مع وجود علامات لتخريش بريتواني في الربع العلوي الأيمن مع جس كتلة؟,تليف كيسي,A,Incorrect
,ما هو التشخيص المحتمل لمريض يبلغ من العمر 60 سنة يعاني من ألم بطني ويرقان وحرارة مع عروءات؟,الزائدة الدودية,D,Incorrect
,ما هو التشخيص المحتمل لمريضة تبلغ من العمر 40 سنة عولجت لالتهاب مرارة حاد حيث لوحظ وجود مرارة مجسوسة غير ممضة، لم يكن هناك ترفع حروري وكانت المريضة بشكل عام بصحة جيدة؟,مرارة متحجرة,C,Incorrect
,ما هو التشخيص المحتمل لمريض عمره 48 سنة يعاني من اضطراب رئوي وصداع وارتفاع ضغط؟,ذئبة حميدة,C,Incorrect
,ما هو التشخيص المحتمل لمريض ربو مع تفاقم متكرر لحالته تطور لديه بشكل تدريجي شعرانية مع بدانة جذعية وكدمات؟,متلازمة كوشينغ,A,Correct
,ما هو التشخيص المحتمل لسيدة حامل تبلغ من العمر 30 سنة تبين أثناء إجراء ايكو بطن لها وجود كتلة متكلسة في الشرسوف يبلغ قطرها 1 سم مع سماع لغط في منطقة الشرسوف دون وجود أي أعراض؟,ورم شحمي,C,Incorrect
,ما هي نسبة الاستفادة من استئصال الطحال في حالة سيدة عمرها 40 سنة تعاني من فرفرية مناعية مزمنة معندة على العلاج بالستيروئيدات؟,30-40%,A,Incorrect
,ما هي الخطوة التالية في تدبير مريض بعمر 70 سنة دون سوابق جراحية يعاني من ألم بطني متقطع منذ أسبوع وتوسع بطني وإقياء مستمر منذ يوم، مع عدم وجود فتوق بالفحص وتعداد 3000 كرية بيضاء / مم؟,استشارة جراحية,D,Incorrect
,ما هي الخطوة التالية في تدبير مريض بعمر 70 سنة دون سوابق جراحية يعاني من ألم بطني متقطع منذ أسبوع وتوسع بطني وإقياء مستمر منذ يوم، مع عدم وجود فتوق بالفحص وتعداد 3000 كرية بيضاء / مم؟,استشارة جراحية,D,Incorrect
,ما هي الخطوة التالية في تدبير شاب عمره 20 سنة راجع الإسعاف بعد 20 يوماً من استئصال زائدة ملتهبة ويعاني من إقياء مع تمدد بطن وإيلام خفيف وتعداد WBC 14000 كرية/مم2 والكهارل طبيعية؟,تصوير البطن,A,Incorrect
,ما هي الخطوة الأولى الأهم في تدبير مريض يبلغ من العمر 32 سنة يعاني من إقياء كميات كبيرة من الدم الأحمر القاني؟,استقرار المريض,C,Incorrect
,ما هو التشخيص المحتمل لمريض عمره 70 سنة تطور لديه بعد 3 أيام من احتشاء قلبي ألم بطني مع تطبل البطن وخفوت في أصوات الأمعاء وتحليل غازات الدم يشير إلى حماض استقلابي؟,إلتهاب الصفاق,B,Incorrect
